ID;Name;Name_DE;Form;Type1;Type2;Generation;Größe;Gewicht;Pre_Evo;Post_Evo;Evo_Typ ;Evo_Ite,
1;Bulbasaur;Bisasam;;Grass;Poison;1;0,7;6,9;;Ivysaur;;
2;Ivysaur;Bisaknosp;;Grass;Poison;1;1;13;Bulbasaur;Venusaur;;
3;Venusaur;Bisaflor;;Grass;Poison;1;2;100;Ivysaur;;;
4;Charmander;Glumanda;;Fire;;1;0,6;8,5;;Charmeleon;;
5;Charmeleon;Glutexo;;Fire;;1;1,1;19;Charmander;Charizard;;
6;Charizard;Glurak;;Fire;Flying;1;1,7;90,5;Charmeleon;;;
7;Squirtle;Schiggy;;Water;;1;0,5;9;;Wartortle;;
8;Wartortle;Schillok;;Water;;1;1;22,5;Squirtle;Blastoise;;
9;Blastoise;Turtok;;Water;;1;1,6;85,5;Wartortle;;;
10;Caterpie;Raupy;;Bug;;1;0,3;2,9;;Metapod;;
11;Metapod;Safcon;;Bug;;1;0,7;9,9;Caterpie;Butterfree;;
12;Butterfree;Smettbo;;Bug;Flying;1;1,1;32;Metapod;;;
13;Weedle;Hornliu;;Bug;Poison;1;0,3;3,2;;Kakuna;;
14;Kakuna;Kokuna;;Bug;Poison;1;0,6;10;Weedle;Beedrill;;
15;Beedrill;Bibor;;Bug;Poison;1;1;29,5;Kakuna;;;
16;Pidgey;Taubsi;;Normal;Flying;1;0,3;1,8;;Pidgeotto;;
17;Pidgeotto;Tauboga;;Normal;Flying;1;1,1;30;Pidgey;Pidgeot;;
18;Pidgeot;Tauboss;;Normal;Flying;1;1,5;39,5;Pidgeotto;;;
19;Rattata;Rattfratz;;Normal;;1;0,3;3,5;;Raticate;;
20;Raticate;Rattikarl;;Normal;;1;0,7;18,5;Rattata;;;
21;Spearow;Habitak;;Normal;Flying;1;0,3;2;;Fearow;;
22;Fearow;Ibitak;;Normal;Flying;1;1,2;38;Spearow;;;
23;Ekans;Rettan;;Poison;;1;2;6,9;;Arbok;;
24;Arbok;Arbok;;Poison;;1;3,5;65;Ekans;;;
25;Pikachu;Pikachu;;Electric;;1;0,4;6;Pichu;Raichu;levelFriendship;
26;Raichu;Raichu;;Electric;;1;0,8;30;Pikachu;;useItem;Thunder Stone
27;Sandshrew;Sandan;;Ground;;1;0,6;12;;Sandslash;;
28;Sandslash;Sandamer;;Ground;;1;1;29,5;Sandshrew;;;
29;Nidoran;Nidoran?;Female;Poison;;1;0,4;7;;Nidorina;;
30;Nidorina;Nidorina;;Poison;;1;0,8;20;Nidoran-F;Nidoqueen;;
31;Nidoqueen;Nidoqueen;;Poison;Ground;1;1,3;60;Nidorina;;useItem;Moon Stone
32;Nidoran;Nidoran?;Male;Poison;;1;0,5;9;;Nidorino;;
33;Nidorino;Nidorino;;Poison;;1;0,9;19,5;Nidoran-M;Nidoking;;
34;Nidoking;Nidoking;;Poison;Ground;1;1,4;62;Nidorino;;useItem;Moon Stone
35;Clefairy;Piepi;;Fairy;;1;0,6;7,5;Cleffa;Clefable;levelFriendship;
36;Clefable;Pixi;;Fairy;;1;1,3;40;Clefairy;;useItem;Moon Stone
37;Vulpix;Vulpix;;Fire;;1;0,6;9,9;;Ninetales;;
38;Ninetales;Vulnona;;Fire;;1;1,1;19,9;Vulpix;;useItem;Fire Stone
39;Jigglypuff;Pummeluff;;Normal;Fairy;1;0,5;5,5;Igglybuff;Wigglytuff;levelFriendship;
40;Wigglytuff;Knuddeluff;;Normal;Fairy;1;1;12;Jigglypuff;;useItem;Moon Stone
41;Zubat;Zubat;;Poison;Flying;1;0,8;7,5;;Golbat;;
42;Golbat;Golbat;;Poison;Flying;1;1,6;55;Zubat;Crobat;;
43;Oddish;Myrapla;;Grass;Poison;1;0,5;5,4;;Gloom;;
44;Gloom;Duflor;;Grass;Poison;1;0,8;8,6;Oddish;Vileplume;;
45;Vileplume;Giflor;;Grass;Poison;1;1,2;18,6;Gloom;;useItem;Leaf Stone
46;Paras;Paras;;Bug;Grass;1;0,3;5,4;;Parasect;;
47;Parasect;Parasek;;Bug;Grass;1;1;29,5;Paras;;;
48;Venonat;Bluzuk;;Bug;Poison;1;1;30;;Venomoth;;
49;Venomoth;Omot;;Bug;Poison;1;1,5;12,5;Venonat;;;
50;Diglett;Digda;;Ground;;1;0,2;0,8;;Dugtrio;;
51;Dugtrio;Digdri;;Ground;;1;0,7;33,3;Diglett;;;
52;Meowth;Mauzi;;Normal;;1;0,4;4,2;;Persian;;
53;Persian;Snobilikat;;Normal;;1;1;32;Meowth;;;
54;Psyduck;Enton;;Water;;1;0,8;19,6;;Golduck;;
55;Golduck;Entoron;;Water;;1;1,7;76,6;Psyduck;;;
56;Mankey;Menki;;Fighting;;1;0,5;28;;Primeape;;
57;Primeape;Rasaff;;Fighting;;1;1;32;Mankey;Annihilape;;
58;Growlithe;Fukano;;Fire;;1;0,7;19;;Arcanine;;
59;Arcanine;Arkani;;Fire;;1;1,9;155;Growlithe;;useItem;Fire Stone
60;Poliwag;Quapsel;;Water;;1;0,6;12,4;;Poliwhirl;;
61;Poliwhirl;Quaputzi;;Water;;1;1;20;Poliwag;Poliwrath;;
62;Poliwrath;Quappo;;Water;Fighting;1;1,3;54;Poliwhirl;;useItem;Water Stone
63;Abra;Abra;;Psychic;;1;0,9;19,5;;Kadabra;;
64;Kadabra;Kadabra;;Psychic;;1;1,3;56,5;Abra;Alakazam;;
65;Alakazam;Simsala;;Psychic;;1;1,5;48;Kadabra;;trade;
66;Machop;Machollo;;Fighting;;1;0,8;19,5;;Machoke;;
67;Machoke;Maschock;;Fighting;;1;1,5;70,5;Machop;Machamp;;
68;Machamp;Machomei;;Fighting;;1;1,6;130;Machoke;;trade;
69;Bellsprout;Knofensa;;Grass;Poison;1;0,7;4;;Weepinbell;;
70;Weepinbell;Ultrigaria;;Grass;Poison;1;1;6,4;Bellsprout;Victreebel;;
71;Victreebel;Sarzenia;;Grass;Poison;1;1,7;15,5;Weepinbell;;useItem;Leaf Stone
72;Tentacool;Tentacha;;Water;Poison;1;0,9;45,5;;Tentacruel;;
73;Tentacruel;Tentoxa;;Water;Poison;1;1,6;55;Tentacool;;;
74;Geodude;Kleinstein;;Rock;Ground;1;0,4;20;;Graveler;;
75;Graveler;Georok;;Rock;Ground;1;1;105;Geodude;Golem;;
76;Golem;Geowaz;;Rock;Ground;1;1,4;300;Graveler;;trade;
77;Ponyta;Ponita;;Fire;;1;1;30;;Rapidash;;
78;Rapidash;Gallopa;;Fire;;1;1,7;95;Ponyta;;;
79;Slowpoke;Flegmon;;Water;Psychic;1;1,2;36;;Slowbro;;
80;Slowbro;Lahmus;;Water;Psychic;1;1,6;78,5;Slowpoke;;;
81;Magnemite;Magnetilo;;Electric;Steel;1;0,3;6;;Magneton;;
82;Magneton;Magneton;;Electric;Steel;1;1;60;Magnemite;Magnezone;;
83;Farfetch'd;Porenta;;Normal;Flying;1;0,8;15;;;;
84;Doduo;Dodu;;Normal;Flying;1;1,4;39,2;;Dodrio;;
85;Dodrio;Dodri;;Normal;Flying;1;1,8;85,2;Doduo;;;
86;Seel;Jurob;;Water;;1;1,1;90;;Dewgong;;
87;Dewgong;Jugong;;Water;Ice;1;1,7;120;Seel;;;
88;Grimer;Sleima;;Poison;;1;0,9;30;;Muk;;
89;Muk;Sleimok;;Poison;;1;1,2;30;Grimer;;;
90;Shellder;Muschas;;Water;;1;0,3;4;;Cloyster;;
91;Cloyster;Austos;;Water;Ice;1;1,5;132,5;Shellder;;useItem;Water Stone
92;Gastly;Nebulak;;Ghost;Poison;1;1,3;0,1;;Haunter;;
93;Haunter;Alpollo;;Ghost;Poison;1;1,6;0,1;Gastly;Gengar;;
94;Gengar;Gengar;;Ghost;Poison;1;1,5;40,5;Haunter;;trade;
95;Onix;Onix;;Rock;Ground;1;8,8;210;;Steelix;;
96;Drowzee;Traumato;;Psychic;;1;1;32,4;;Hypno;;
97;Hypno;Hypno;;Psychic;;1;1,6;75,6;Drowzee;;;
98;Krabby;Krabby;;Water;;1;0,4;6,5;;Kingler;;
99;Kingler;Kingler;;Water;;1;1,3;60;Krabby;;;
100;Voltorb;Voltobal;;Electric;;1;0,5;10,4;;Electrode;;
101;Electrode;Lektrobal;;Electric;;1;1,2;66,6;Voltorb;;;
102;Exeggcute;Owei;;Grass;Psychic;1;0,4;2,5;;Exeggutor;;
103;Exeggutor;Kokowei;;Grass;Psychic;1;2;120;Exeggcute;;useItem;Leaf Stone
104;Cubone;Tragosso;;Ground;;1;0,4;6,5;;Marowak;;
105;Marowak;Knogga;;Ground;;1;1;45;Cubone;;;
106;Hitmonlee;Kicklee;;Fighting;;1;1,5;49,8;Tyrogue;;;
107;Hitmonchan;Nockchan;;Fighting;;1;1,4;50,2;Tyrogue;;;
108;Lickitung;Schlurp;;Normal;;1;1,2;65,5;;Lickilicky;;
109;Koffing;Smogon;;Poison;;1;0,6;1;;Weezing;;
110;Weezing;Smogmog;;Poison;;1;1,2;9,5;Koffing;;;
111;Rhyhorn;Rihorn;;Ground;Rock;1;1;115;;Rhydon;;
112;Rhydon;Rizeros;;Ground;Rock;1;1,9;120;Rhyhorn;Rhyperior;;
113;Chansey;Chaneira;;Normal;;1;1,1;34,6;Happiny;Blissey;levelHold;Oval Stone
114;Tangela;Tangela;;Grass;;1;1;35;;Tangrowth;;
115;Kangaskhan;Kangama;;Normal;;1;2,2;80;;;;
116;Horsea;Seeper;;Water;;1;0,4;8;;Seadra;;
117;Seadra;Seemon;;Water;;1;1,2;25;Horsea;Kingdra;;
118;Goldeen;Goldini;;Water;;1;0,6;15;;Seaking;;
119;Seaking;Golking;;Water;;1;1,3;39;Goldeen;;;
120;Staryu;Sterndu;;Water;;1;0,8;34,5;;Starmie;;
121;Starmie;Starmie;;Water;Psychic;1;1,1;80;Staryu;;useItem;Water Stone
122;Mr. Mime;Pantimos;;Psychic;Fairy;1;1,3;54,5;Mime Jr.;;levelMove;
123;Scyther;Sichlor;;Bug;Flying;1;1,5;56;;Scizor;;
124;Jynx;Rossana;;Ice;Psychic;1;1,4;40,6;Smoochum;;;
125;Electabuzz;Elektek;;Electric;;1;1,1;30;Elekid;Electivire;;
126;Magmar;Magmar;;Fire;;1;1,3;44,5;Magby;Magmortar;;
127;Pinsir;Pinsir;;Bug;;1;1,5;55;;;;
128;Tauros;Tauros;;Normal;;1;1,4;88,4;;;;
129;Magikarp;Karpador;;Water;;1;0,9;10;;Gyarados;;
130;Gyarados;Garados;;Water;Flying;1;6,5;235;Magikarp;;;
131;Lapras;Lapras;;Water;Ice;1;2,5;220;;;;
132;Ditto;Ditto;;Normal;;1;0,3;4;;;;
133;Eevee;Evoli;;Normal;;1;0,3;6,5;;Vaporeon;;
134;Vaporeon;Aquana;;Water;;1;1;29;Eevee;;useItem;Water Stone
135;Jolteon;Blitza;;Electric;;1;0,8;24,5;Eevee;;useItem;Thunder Stone
136;Flareon;Flamara;;Fire;;1;0,9;25;Eevee;;useItem;Fire Stone
137;Porygon;Porygon;;Normal;;1;0,8;36,5;;Porygon2;;
138;Omanyte;Amonitas;;Rock;Water;1;0,4;7,5;;Omastar;;
139;Omastar;Amoroso;;Rock;Water;1;1;35;Omanyte;;;
140;Kabuto;Kabuto;;Rock;Water;1;0,5;11,5;;Kabutops;;
141;Kabutops;Kabutops;;Rock;Water;1;1,3;40,5;Kabuto;;;
142;Aerodactyl;Aerodactyl;;Rock;Flying;1;1,8;59;;;;
143;Snorlax;Relaxo;;Normal;;1;2,1;460;Munchlax;;levelFriendship;
144;Articuno;Arktos;;Ice;Flying;1;1,7;55,4;;;;
145;Zapdos;Zapdos;;Electric;Flying;1;1,6;52,6;;;;
146;Moltres;Lavados;;Fire;Flying;1;2;60;;;;
147;Dratini;Dratini;;Dragon;;1;1,8;3,3;;Dragonair;;
148;Dragonair;Dragonir;;Dragon;;1;4;16,5;Dratini;Dragonite;;
149;Dragonite;Dragoran;;Dragon;Flying;1;2,2;210;Dragonair;;;
150;Mewtwo;Mewtu;;Psychic;;1;2;122;;;;
151;Mew;Mew;;Psychic;;1;0,4;4;;;;
152;Endivie;Chikorita;;Grass;;2;0,9;6,4;;Bayleef;;
153;Lorblatt;Bayleef;;Grass;;2;1,2;15,8;Chikorita;Meganium;;
154;Meganie;Meganium;;Grass;;2;1,8;100,5;Bayleef;;;
155;Feurigel;Cyndaquil;;Fire;;2;0,5;7,9;;Quilava;;
156;Igelavar;Quilava;;Fire;;2;0,9;19;Cyndaquil;Typhlosion;;
157;Tornupto;Typhlosion;;Fire;;2;1,7;79,5;Quilava;;;
158;Karnimani;Totodile;;Water;;2;0,6;9,5;;Croconaw;;
159;Tyracroc;Croconaw;;Water;;2;1,1;25;Totodile;Feraligatr;;
160;Impergator;Feraligatr;;Water;;2;2,3;88,8;Croconaw;;;
161;Wiesor;Sentret;;Normal;;2;0,8;6;;Furret;;
162;Wiesenior;Furret;;Normal;;2;1,8;32,5;Sentret;;;
163;Hoothoot;Hoothoot;;Normal;Flying;2;0,7;21,2;;Noctowl;;
164;Noctuh;Noctowl;;Normal;Flying;2;1,6;40,8;Hoothoot;;;
165;Ledyba;Ledyba;;Bug;Flying;2;1;10,8;;Ledian;;
166;Ledian;Ledian;;Bug;Flying;2;1,4;35,6;Ledyba;;;
167;Webarak;Spinarak;;Bug;Poison;2;0,5;8,5;;Ariados;;
168;Ariados;Ariados;;Bug;Poison;2;1,1;33,5;Spinarak;;;
169;Iksbat;Crobat;;Poison;Flying;2;1,8;75;Golbat;;levelFriendship;
170;Lampi;Chinchou;;Water;Electric;2;0,5;12;;Lanturn;;
171;Lanturn;Lanturn;;Water;Electric;2;1,2;22,5;Chinchou;;;
172;Pichu;Pichu;;Electric;;2;0,3;2;;Pikachu;;
173;Pii;Cleffa;;Fairy;;2;0,3;3;;Clefairy;;
174;Fluffeluff;Igglybuff;;Normal;Fairy;2;0,3;1;;Jigglypuff;;
175;Togepi;Togepi;;Fairy;;2;0,3;1,5;;Togetic;;
176;Togetic;Togetic;;Fairy;Flying;2;0,6;3,2;Togepi;Togekiss;levelFriendship;
177;Natu;Natu;;Psychic;Flying;2;0,2;2;;Xatu;;
178;Xatu;Xatu;;Psychic;Flying;2;1,5;15;Natu;;;
179;Voltilamm;Mareep;;Electric;;2;0,6;7,8;;Flaaffy;;
180;Waaty;Flaaffy;;Electric;;2;0,8;13,3;Mareep;Ampharos;;
181;Ampharos;Ampharos;;Electric;;2;1,4;61,5;Flaaffy;;;
182;Blubella;Bellossom;;Grass;;2;0,4;5,8;Gloom;;useItem;Sun Stone
183;Marill;Marill;;Water;Fairy;2;0,4;8,5;Azurill;Azumarill;levelFriendship;
184;Azumarill;Azumarill;;Water;Fairy;2;0,8;28,5;Marill;;;
185;Mogelbaum;Sudowoodo;;Rock;;2;1,2;38;Bonsly;;levelMove;
186;Quaxo;Politoed;;Water;;2;1,1;33,9;Poliwhirl;;trade;King's Rock
187;Hoppspross;Hoppip;;Grass;Flying;2;0,4;0,5;;Skiploom;;
188;Hubelupf;Skiploom;;Grass;Flying;2;0,6;1;Hoppip;Jumpluff;;
189;Papungha;Jumpluff;;Grass;Flying;2;0,8;3;Skiploom;;;
190;Griffel;Aipom;;Normal;;2;0,8;11,5;;Ambipom;;
191;Sonnkern;Sunkern;;Grass;;2;0,3;1,8;;Sunflora;;
192;Sonnflora;Sunflora;;Grass;;2;0,8;8,5;Sunkern;;useItem;Sun Stone
193;Yanma;Yanma;;Bug;Flying;2;1,2;38;;Yanmega;;
194;Felino;Wooper;;Water;Ground;2;0,4;8,5;;Quagsire;;
195;Morlord;Quagsire;;Water;Ground;2;1,4;75;Wooper;;;
196;Psiana;Espeon;;Psychic;;2;0,9;26,5;Eevee;;levelFriendship;
197;Nachtara;Umbreon;;Dark;;2;1;27;Eevee;;levelFriendship;
198;Kramurx;Murkrow;;Dark;Flying;2;0,5;2,1;;Honchkrow;;
199;Laschoking;Slowking;;Water;Psychic;2;2;79,5;Slowpoke;;trade;King's Rock
200;Traunfugil;Misdreavus;;Ghost;;2;0,7;1;;Mismagius;;
201;Icognito;Unown;;Psychic;;2;0,5;5;;;;
202;Woingenau;Wobbuffet;;Psychic;;2;1,3;28,5;Wynaut;;;
203;Girafarig;Girafarig;;Normal;Psychic;2;1,5;41,5;;Farigiraf;;
204;Tannza;Pineco;;Bug;;2;0,6;7,2;;Forretress;;
205;Forstellka;Forretress;;Bug;Steel;2;1,2;125,8;Pineco;;;
206;Dummisel;Dunsparce;;Normal;;2;1,5;14;;Dudunsparce;;
207;Skorgla;Gligar;;Ground;Flying;2;1,1;64,8;;Gliscor;;
208;Stahlos;Steelix;;Steel;Ground;2;9,2;400;Onix;;trade;Metal Coat
209;Snubbull;Snubbull;;Fairy;;2;0,6;7,8;;Granbull;;
210;Granbull;Granbull;;Fairy;;2;1,4;48,7;Snubbull;;;
211;Baldorfish;Qwilfish;;Water;Poison;2;0,5;3,9;;;;
212;Scherox;Scizor;;Bug;Steel;2;1,8;118;Scyther;;trade;Metal Coat
213;Pottrott;Shuckle;;Bug;Rock;2;0,6;20,5;;;;
214;Skaraborn;Heracross;;Bug;Fighting;2;1,5;54;;;;
215;Sniebel;Sneasel;;Dark;Ice;2;0,9;28;;Weavile;;
216;Teddiursa;Teddiursa;;Normal;;2;0,6;8,8;;Ursaring;;
217;Ursaring;Ursaring;;Normal;;2;1,8;125,8;Teddiursa;Ursaluna;;
218;Schneckmag;Slugma;;Fire;;2;0,7;35;;Magcargo;;
219;Magcargo;Magcargo;;Fire;Rock;2;0,8;55;Slugma;;;
220;Quiekel;Swinub;;Ice;Ground;2;0,4;6,5;;Piloswine;;
221;Keifel;Piloswine;;Ice;Ground;2;1,1;55,8;Swinub;Mamoswine;;
222;Corasonn;Corsola;;Water;Rock;2;0,6;5;;;;
223;Remoraid;Remoraid;;Water;;2;0,6;12;;Octillery;;
224;Octillery;Octillery;;Water;;2;0,9;28,5;Remoraid;;;
225;Botogel;Delibird;;Ice;Flying;2;0,9;16;;;;
226;Mantax;Mantine;;Water;Flying;2;2,1;220;Mantyke;;levelExtra;
227;Panzaeron;Skarmory;;Steel;Flying;2;1,7;50,5;;;;
228;Hunduster;Houndour;;Dark;Fire;2;0,6;10,8;;Houndoom;;
229;Hundemon;Houndoom;;Dark;Fire;2;1,4;35;Houndour;;;
230;Seedraking;Kingdra;;Water;Dragon;2;1,8;152;Seadra;;trade;Dragon Scale
231;Phanpy;Phanpy;;Ground;;2;0,5;33,5;;Donphan;;
232;Donphan;Donphan;;Ground;;2;1,1;120;Phanpy;;;
233;Porygon2;Porygon2;;Normal;;2;0,6;32,5;Porygon;Porygon-Z;trade;Up-Grade
234;Damhirplex;Stantler;;Normal;;2;1,4;71,2;;Wyrdeer;;
235;Farbeagle;Smeargle;;Normal;;2;1,2;58;;;;
236;Rabauz;Tyrogue;;Fighting;;2;0,7;21;;Hitmonlee;;
237;Kapoera;Hitmontop;;Fighting;;2;1,4;48;Tyrogue;;;
238;Kussilla;Smoochum;;Ice;Psychic;2;0,4;6;;Jynx;;
239;Elekid;Elekid;;Electric;;2;0,6;23,5;;Electabuzz;;
240;Magby;Magby;;Fire;;2;0,7;21,4;;Magmar;;
241;Miltank;Miltank;;Normal;;2;1,2;75,5;;;;
242;Heiteira;Blissey;;Normal;;2;1,5;46,8;Chansey;;levelFriendship;
243;Raikou;Raikou;;Electric;;2;1,9;178;;;;
244;Entei;Entei;;Fire;;2;2,1;198;;;;
245;Suicune;Suicune;;Water;;2;2;187;;;;
246;Larvitar;Larvitar;;Rock;Ground;2;0,6;72;;Pupitar;;
247;Pupitar;Pupitar;;Rock;Ground;2;1,2;152;Larvitar;Tyranitar;;
248;Despotar;Tyranitar;;Rock;Dark;2;2;202;Pupitar;;;
249;Lugia;Lugia;;Psychic;Flying;2;5,2;216;;;;
250;Ho-Oh;Ho-oh;;Fire;Flying;2;3,8;199;;;;
251;Celebi;Celebi;;Psychic;Grass;2;0,6;5;;;;
252;Geckarbor;Treecko;;Grass;;3;0,5;5;;Grovyle;;
253;Reptain;Grovyle;;Grass;;3;0,9;21,6;Treecko;Sceptile;;
254;Gewaldro;Sceptile;;Grass;;3;1,7;52,2;Grovyle;;;
255;Flemmli;Torchic;;Fire;;3;0,4;2,5;;Combusken;;
256;Jungglut;Combusken;;Fire;Fighting;3;0,9;19,5;Torchic;Blaziken;;
257;Lohgock;Blaziken;;Fire;Fighting;3;1,9;52;Combusken;;;
258;Hydropi;Mudkip;;Water;;3;0,4;7,6;;Marshtomp;;
259;Moorabbel;Marshtomp;;Water;Ground;3;0,7;28;Mudkip;Swampert;;
260;Sumpex;Swampert;;Water;Ground;3;1,5;81,9;Marshtomp;;;
261;Fiffyen;Poochyena;;Dark;;3;0,5;13,6;;Mightyena;;
262;Magnayen;Mightyena;;Dark;;3;1;37;Poochyena;;;
263;Zigzachs;Zigzagoon;;Normal;;3;0,4;17,5;;Linoone;;
264;Geradaks;Linoone;;Normal;;3;0,5;32,5;Zigzagoon;;;
265;Waumpel;Wurmple;;Bug;;3;0,3;3,6;;Silcoon;;
266;Schaloko;Silcoon;;Bug;;3;0,6;10;Wurmple;Beautifly;;
267;Papinella;Beautifly;;Bug;Flying;3;1;28,4;Silcoon;;;
268;Panekon;Cascoon;;Bug;;3;0,7;11,5;Wurmple;Dustox;;
269;Pudox;Dustox;;Bug;Poison;3;1,2;31,6;Cascoon;;;
270;Loturzel;Lotad;;Water;Grass;3;0,5;2,6;;Lombre;;
271;Lombrero;Lombre;;Water;Grass;3;1,2;32,5;Lotad;Ludicolo;;
272;Kappalores;Ludicolo;;Water;Grass;3;1,5;55;Lombre;;useItem;Water Stone
273;Samurzel;Seedot;;Grass;;3;0,5;4;;Nuzleaf;;
274;Blanas;Nuzleaf;;Grass;Dark;3;1;28;Seedot;Shiftry;;
275;Tengulist;Shiftry;;Grass;Dark;3;1,3;59,6;Nuzleaf;;useItem;Leaf Stone
276;Schwalbini;Taillow;;Normal;Flying;3;0,3;2,3;;Swellow;;
277;Schwalboss;Swellow;;Normal;Flying;3;0,7;19,8;Taillow;;;
278;Wingull;Wingull;;Water;Flying;3;0,6;9,5;;Pelipper;;
279;Pelipper;Pelipper;;Water;Flying;3;1,2;28;Wingull;;;
280;Trasla;Ralts;;Psychic;Fairy;3;0,4;6,6;;Kirlia;;
281;Kirlia;Kirlia;;Psychic;Fairy;3;0,8;20,2;Ralts;Gardevoir;;
282;Guardevoir;Gardevoir;;Psychic;Fairy;3;1,6;48,4;Kirlia;;;
283;Gehweiher;Surskit;;Bug;Water;3;0,5;1,7;;Masquerain;;
284;Maskeregen;Masquerain;;Bug;Flying;3;0,8;3,6;Surskit;;;
285;Knilz;Shroomish;;Grass;;3;0,4;4,5;;Breloom;;
286;Kapilz;Breloom;;Grass;Fighting;3;1,2;39,2;Shroomish;;;
287;Bummelz;Slakoth;;Normal;;3;0,8;24;;Vigoroth;;
288;Muntier;Vigoroth;;Normal;;3;1,4;46,5;Slakoth;Slaking;;
289;Letarking;Slaking;;Normal;;3;2;130,5;Vigoroth;;;
290;Nincada;Nincada;;Bug;Ground;3;0,5;5,5;;Ninjask;;
291;Ninjask;Ninjask;;Bug;Flying;3;0,8;12;Nincada;;;
292;Ninjatom;Shedinja;;Bug;Ghost;3;0,8;1,2;Nincada;;;
293;Flurmel;Whismur;;Normal;;3;0,6;16,3;;Loudred;;
294;Krakeelo;Loudred;;Normal;;3;1;40,5;Whismur;Exploud;;
295;Krawumms;Exploud;;Normal;;3;1,5;84;Loudred;;;
296;Makuhita;Makuhita;;Fighting;;3;1;86,4;;Hariyama;;
297;Hariyama;Hariyama;;Fighting;;3;2,3;253,8;Makuhita;;;
298;Azurill;Azurill;;Normal;Fairy;3;0,2;2;;Marill;;
299;Nasgnet;Nosepass;;Rock;;3;1;97;;Probopass;;
300;Eneco;Skitty;;Normal;;3;0,6;11;;Delcatty;;
301;Enekoro;Delcatty;;Normal;;3;1,1;32,6;Skitty;;useItem;Moon Stone
302;Zobiris;Sableye;;Dark;Ghost;3;0,5;11;;;;
303;Flunkifer;Mawile;;Steel;Fairy;3;0,6;11,5;;;;
304;Stollunior;Aron;;Steel;Rock;3;0,4;60;;Lairon;;
305;Stollrak;Lairon;;Steel;Rock;3;0,9;120;Aron;Aggron;;
306;Stolloss;Aggron;;Steel;Rock;3;2,1;360;Lairon;;;
307;Meditie;Meditite;;Fighting;Psychic;3;0,6;11,2;;Medicham;;
308;Meditalis;Medicham;;Fighting;Psychic;3;1,3;31,5;Meditite;;;
309;Frizelbliz;Electrike;;Electric;;3;0,6;15,2;;Manectric;;
310;Voltenso;Manectric;;Electric;;3;1,5;40,2;Electrike;;;
311;Plusle;Plusle;;Electric;;3;0,4;4,2;;;;
312;Minun;Minun;;Electric;;3;0,4;4,2;;;;
313;Volbeat;Volbeat;;Bug;;3;0,7;17,7;;;;
314;Illumise;Illumise;;Bug;;3;0,6;17,7;;;;
315;Roselia;Roselia;;Grass;Poison;3;0,3;2;Budew;Roserade;levelFriendship;
316;Schluppuck;Gulpin;;Poison;;3;0,4;10,3;;Swalot;;
317;Schlukwech;Swalot;;Poison;;3;1,7;80;Gulpin;;;
318;Kanivanha;Carvanha;;Water;Dark;3;0,8;20,8;;Sharpedo;;
319;Tohaido;Sharpedo;;Water;Dark;3;1,8;88,8;Carvanha;;;
320;Wailmer;Wailmer;;Water;;3;2;130;;Wailord;;
321;Wailord;Wailord;;Water;;3;14,5;398;Wailmer;;;
322;Camaub;Numel;;Fire;Ground;3;0,7;24;;Camerupt;;
323;Camerupt;Camerupt;;Fire;Ground;3;1,9;220;Numel;;;
324;Qurtel;Torkoal;;Fire;;3;0,5;80,4;;;;
325;Spoink;Spoink;;Psychic;;3;0,7;30,6;;Grumpig;;
326;Groink;Grumpig;;Psychic;;3;0,9;71,5;Spoink;;;
327;Pandir;Spinda;;Normal;;3;1,1;5;;;;
328;Knacklion;Trapinch;;Ground;;3;0,7;15;;Vibrava;;
329;Vibrava;Vibrava;;Ground;Dragon;3;1,1;15,3;Trapinch;Flygon;;
330;Libelldra;Flygon;;Ground;Dragon;3;2;82;Vibrava;;;
331;Tuska;Cacnea;;Grass;;3;0,4;51,3;;Cacturne;;
332;Noktuska;Cacturne;;Grass;Dark;3;1,3;77,4;Cacnea;;;
333;Wablu;Swablu;;Normal;Flying;3;0,4;1,2;;Altaria;;
334;Altaria;Altaria;;Dragon;Flying;3;1,1;20,6;Swablu;;;
335;Sengo;Zangoose;;Normal;;3;1,3;40,3;;;;
336;Vipitis;Seviper;;Poison;;3;2,7;52,5;;;;
337;Lunastein;Lunatone;;Rock;Psychic;3;1;168;;;;
338;Sonnfel;Solrock;;Rock;Psychic;3;1,2;154;;;;
339;Schmerbe;Barboach;;Water;Ground;3;0,4;1,9;;Whiscash;;
340;Welsar;Whiscash;;Water;Ground;3;0,9;23,6;Barboach;;;
341;Krebscorps;Corphish;;Water;;3;0,6;11,5;;Crawdaunt;;
342;Krebutack;Crawdaunt;;Water;Dark;3;1,1;32,8;Corphish;;;
343;Puppance;Baltoy;;Ground;Psychic;3;0,5;21,5;;Claydol;;
344;Lepumentas;Claydol;;Ground;Psychic;3;1,5;108;Baltoy;;;
345;Liliep;Lileep;;Rock;Grass;3;1;23,8;;Cradily;;
346;Wielie;Cradily;;Rock;Grass;3;1,5;60,4;Lileep;;;
347;Anorith;Anorith;;Rock;Bug;3;0,7;12,5;;Armaldo;;
348;Armaldo;Armaldo;;Rock;Bug;3;1,5;68,2;Anorith;;;
349;Barschwa;Feebas;;Water;;3;0,6;7,4;;Milotic;;
350;Milotic;Milotic;;Water;;3;6,2;162;Feebas;;trade;Prism Scale
351;Formeo;Castform;;Normal;;3;0,3;0,8;;;;
351;Formeo;Castform;Sunny Form;Fire;;3;0,3;0,8;;;;
351;Formeo;Castform;Rainy Form;Water;;3;0,3;0,8;;;;
351;Formeo;Castform;Snowy Form;Ice;;3;0,3;0,8;;;;
352;Kecleon;Kecleon;;Normal;;3;1;22;;;;
353;Shuppet;Shuppet;;Ghost;;3;0,6;2,3;;Banette;;
354;Banette;Banette;;Ghost;;3;1,1;12,5;Shuppet;;;
355;Zwirrlicht;Duskull;;Ghost;;3;0,8;15;;Dusclops;;
356;Zwirrklop;Dusclops;;Ghost;;3;1,6;30,6;Duskull;Dusknoir;;
357;Tropius;Tropius;;Grass;Flying;3;2;100;;;;
358;Palimpalim;Chimecho;;Psychic;;3;0,6;1;Chingling;;levelFriendship;
359;Absol;Absol;;Dark;;3;1,2;47;;;;
360;Isso;Wynaut;;Psychic;;3;0,6;14;;Wobbuffet;;
361;Schneppke;Snorunt;;Ice;;3;0,7;16,8;;Glalie;;
362;Firnontor;Glalie;;Ice;;3;1,5;256,5;Snorunt;;;
363;Seemops;Spheal;;Ice;Water;3;0,8;39,5;;Sealeo;;
364;Seejong;Sealeo;;Ice;Water;3;1,1;87,6;Spheal;Walrein;;
365;Walraisa;Walrein;;Ice;Water;3;1,4;150,6;Sealeo;;;
366;Perlu;Clamperl;;Water;;3;0,4;52,5;;Huntail;;
367;Aalabyss;Huntail;;Water;;3;1,7;27;Clamperl;;trade;Deep Sea Tooth
368;Saganabyss;Gorebyss;;Water;;3;1,8;22,6;Clamperl;;trade;Deep Sea Scale
369;Relicanth;Relicanth;;Water;Rock;3;1;23,4;;;;
370;Liebiskus;Luvdisc;;Water;;3;0,6;8,7;;;;
371;Kindwurm;Bagon;;Dragon;;3;0,6;42,1;;Shelgon;;
372;Draschel;Shelgon;;Dragon;;3;1,1;110,5;Bagon;Salamence;;
373;Brutalanda;Salamence;;Dragon;Flying;3;1,5;102,6;Shelgon;;;
374;Tanhel;Beldum;;Steel;Psychic;3;0,6;95,2;;Metang;;
375;Metang;Metang;;Steel;Psychic;3;1,2;202,5;Beldum;Metagross;;
376;Metagross;Metagross;;Steel;Psychic;3;1,6;550;Metang;;;
377;Regirock;Regirock;;Rock;;3;1,7;230;;;;
378;Regice;Regice;;Ice;;3;1,8;175;;;;
379;Registeel;Registeel;;Steel;;3;1,9;205;;;;
380;Latias;Latias;;Dragon;Psychic;3;1,4;40;;;;
381;Latios;Latios;;Dragon;Psychic;3;2;60;;;;
382;Kyogre;Kyogre;;Water;;3;4,5;352;;;;
383;Groudon;Groudon;;Ground;;3;3,5;950;;;;
384;Rayquaza;Rayquaza;;Dragon;Flying;3;7;206,5;;;;
385;Jirachi;Jirachi;;Steel;Psychic;3;0,3;1,1;;;;
386;Deoxys;Deoxys;Normal Forme;Psychic;;3;1,7;60,8;;;;
386;Deoxys;Deoxys;Attack Forme;Psychic;;3;1,7;60,8;;;;
386;Deoxys;Deoxys;Defense Forme;Psychic;;3;1,7;60,8;;;;
386;Deoxys;Deoxys;Speed Forme;Psychic;;3;1,7;60,8;;;;
387;Chelast;Turtwig;;Grass;;4;0,4;10,2;;Grotle;;
388;Chelcarain;Grotle;;Grass;;4;1,1;97;Turtwig;Torterra;;
389;Chelterrar;Torterra;;Grass;Ground;4;2,2;310;Grotle;;;
390;Panflam;Chimchar;;Fire;;4;0,5;6,2;;Monferno;;
391;Panpyro;Monferno;;Fire;Fighting;4;0,9;22;Chimchar;Infernape;;
392;Panferno;Infernape;;Fire;Fighting;4;1,2;55;Monferno;;;
393;Plinfa;Piplup;;Water;;4;0,4;5,2;;Prinplup;;
394;Pliprin;Prinplup;;Water;;4;0,8;23;Piplup;Empoleon;;
395;Impoleon;Empoleon;;Water;Steel;4;1,7;84,5;Prinplup;;;
396;Staralili;Starly;;Normal;Flying;4;0,3;2;;Staravia;;
397;Staravia;Staravia;;Normal;Flying;4;0,6;15,5;Starly;Staraptor;;
398;Staraptor;Staraptor;;Normal;Flying;4;1,2;24,9;Staravia;;;
399;Bidiza;Bidoof;;Normal;;4;0,5;20;;Bibarel;;
400;Bidifas;Bibarel;;Normal;Water;4;1;31,5;Bidoof;;;
401;Zirpurze;Kricketot;;Bug;;4;0,3;2,2;;Kricketune;;
402;Zirpeise;Kricketune;;Bug;;4;1;25,5;Kricketot;;;
403;Sheinux;Shinx;;Electric;;4;0,5;9,5;;Luxio;;
404;Luxio;Luxio;;Electric;;4;0,9;30,5;Shinx;Luxray;;
405;Luxtra;Luxray;;Electric;;4;1,4;42;Luxio;;;
406;Knospi;Budew;;Grass;Poison;4;0,2;1,2;;Roselia;;
407;Roserade;Roserade;;Grass;Poison;4;0,9;14,5;Roselia;;useItem;Shiny Stone
408;Koknodon;Cranidos;;Rock;;4;0,9;31,5;;Rampardos;;
409;Rameidon;Rampardos;;Rock;;4;1,6;102,5;Cranidos;;;
410;Schilterus;Shieldon;;Rock;Steel;4;0,5;57;;Bastiodon;;
411;Bollterus;Bastiodon;;Rock;Steel;4;1,3;149,5;Shieldon;;;
412;Burmy;Burmy;Plant Cloak;Bug;;4;0,2;3,4;;Wormadam;;
412;Burmy;Burmy;Sandy Cloak;Bug;;4;0,2;3,4;;Wormadam;;
412;Burmy;Burmy;Trash Cloak;Bug;;4;0,2;3,4;;Wormadam;;
413;Burmadame;Wormadam;Plant Cloak;Bug;Grass;4;0,5;6,5;Burmy;;;
413;Burmadame;Wormadam;Sandy Cloak;Bug;Ground;4;0,5;6,5;Burmy;;;
413;Burmadame;Wormadam;Trash Cloak;Bug;Steel;4;0,5;6,5;Burmy;;;
414;Moterpel;Mothim;;Bug;Flying;4;0,9;23,3;Burmy;;;
415;Wadribie;Combee;;Bug;Flying;4;0,3;5,5;;Vespiquen;;
416;Honweisel;Vespiquen;;Bug;Flying;4;1,2;38,5;Combee;;;
417;Pachirisu;Pachirisu;;Electric;;4;0,4;3,9;;;;
418;Bamelin;Buizel;;Water;;4;0,7;29,5;;Floatzel;;
419;Bojelin;Floatzel;;Water;;4;1,1;33,5;Buizel;;;
420;Kikugi;Cherubi;;Grass;;4;0,4;3,3;;Cherrim;;
421;Kinoso;Cherrim;;Grass;;4;0,5;9,3;Cherubi;;;
422;Schalellos;Shellos;;Water;;4;0,3;6,3;;Gastrodon;;
423;Gastrodon;Gastrodon;;Water;Ground;4;0,9;29,9;Shellos;;;
424;Ambidiffel;Ambipom;;Normal;;4;1,2;20,3;Aipom;;levelMove;
425;Driftlon;Drifloon;;Ghost;Flying;4;0,4;1,2;;Drifblim;;
426;Drifzepeli;Drifblim;;Ghost;Flying;4;1,2;15;Drifloon;;;
427;Haspiror;Buneary;;Normal;;4;0,4;5,5;;Lopunny;;
428;Schlapor;Lopunny;;Normal;;4;1,2;33,3;Buneary;;levelFriendship;
429;Traunmagil;Mismagius;;Ghost;;4;0,9;4,4;Misdreavus;;useItem;Dusk Stone
430;Kramshef;Honchkrow;;Dark;Flying;4;0,9;27,3;Murkrow;;useItem;Dusk Stone
431;Charmian;Glameow;;Normal;;4;0,5;3,9;;Purugly;;
432;Shnurgarst;Purugly;;Normal;;4;1;43,8;Glameow;;;
433;Klingplim;Chingling;;Psychic;;4;0,2;0,6;;Chimecho;;
434;Skunkapuh;Stunky;;Poison;Dark;4;0,4;19,2;;Skuntank;;
435;Skuntank;Skuntank;;Poison;Dark;4;1;38;Stunky;;;
436;Bronzel;Bronzor;;Steel;Psychic;4;0,5;60,5;;Bronzong;;
437;Bronzong;Bronzong;;Steel;Psychic;4;1,3;187;Bronzor;;;
438;Mobai;Bonsly;;Rock;;4;0,5;15;;Sudowoodo;;
439;Pantimimi;Mime Jr.;;Psychic;Fairy;4;0,6;13;;Mr. Mime;;
440;Wonneira;Happiny;;Normal;;4;0,6;24,4;;Chansey;;
441;Plaudagei;Chatot;;Normal;Flying;4;0,5;1,9;;;;
442;Kryppuk;Spiritomb;;Ghost;Dark;4;1;108;;;;
443;Kaumalat;Gible;;Dragon;Ground;4;0,7;20,5;;Gabite;;
444;Knarksel;Gabite;;Dragon;Ground;4;1,4;56;Gible;Garchomp;;
445;Knakrack;Garchomp;;Dragon;Ground;4;1,9;95;Gabite;;;
446;Mampfaxo;Munchlax;;Normal;;4;0,6;105;;Snorlax;;
447;Riolu;Riolu;;Fighting;;4;0,7;20,2;;Lucario;;
448;Lucario;Lucario;;Fighting;Steel;4;1,2;54;Riolu;;levelFriendship;
449;Hippopotas;Hippopotas;;Ground;;4;0,8;49,5;;Hippowdon;;
450;Hippoterus;Hippowdon;;Ground;;4;2;300;Hippopotas;;;
451;Pionskora;Skorupi;;Poison;Bug;4;0,8;12;;Drapion;;
452;Piondragi;Drapion;;Poison;Dark;4;1,3;61,5;Skorupi;;;
453;Glibunkel;Croagunk;;Poison;Fighting;4;0,7;23;;Toxicroak;;
454;Toxiquak;Toxicroak;;Poison;Fighting;4;1,3;44,4;Croagunk;;;
455;Venuflibis;Carnivine;;Grass;;4;1,4;27;;;;
456;Finneon;Finneon;;Water;;4;0,4;7;;Lumineon;;
457;Lumineon;Lumineon;;Water;;4;1,2;24;Finneon;;;
458;Mantirps;Mantyke;;Water;Flying;4;1;65;;Mantine;;
459;Shnebedeck;Snover;;Grass;Ice;4;1;50,5;;Abomasnow;;
460;Rexblisar;Abomasnow;;Grass;Ice;4;2,2;135,5;Snover;;;
461;Snibunna;Weavile;;Dark;Ice;4;1,1;34;Sneasel;;levelHold;Razor Claw
462;Magnezone;Magnezone;;Electric;Steel;4;1,2;180;Magneton;;useItem;Thunder Stone
463;Schlurplek;Lickilicky;;Normal;;4;1,7;140;Lickitung;;levelMove;
464;Rihornior;Rhyperior;;Ground;Rock;4;2,4;282,8;Rhydon;;trade;Protector
465;Tangoloss;Tangrowth;;Grass;;4;2;128,6;Tangela;;levelMove;
466;Elevoltek;Electivire;;Electric;;4;1,8;138,6;Electabuzz;;trade;Electirizer
467;Magbrant;Magmortar;;Fire;;4;1,6;68;Magmar;;trade;Magmarizer
468;Togekiss;Togekiss;;Fairy;Flying;4;1,5;38;Togetic;;useItem;Shiny Stone
469;Yanmega;Yanmega;;Bug;Flying;4;1,9;51,5;Yanma;;levelMove;
470;Folipurba;Leafeon;;Grass;;4;1;25,5;Eevee;;useItem;Leaf Stone
471;Glaziola;Glaceon;;Ice;;4;0,8;25,9;Eevee;;useItem;Ice Stone
472;Skorgro;Gliscor;;Ground;Flying;4;2;42,5;Gligar;;levelHold;Razor Fang
473;Mamutel;Mamoswine;;Ice;Ground;4;2,5;291;Piloswine;;levelMove;
474;Porygon-Z;Porygon-Z;;Normal;;4;0,9;34;Porygon2;;trade;Dubious Disc
475;Galagladi;Gallade;;Psychic;Fighting;4;1,6;52;Kirlia;;useItem;Dawn Stone
476;Voluminas;Probopass;;Rock;Steel;4;1,4;340;Nosepass;;levelExtra;
477;Zwirrfinst;Dusknoir;;Ghost;;4;2,2;106,6;Dusclops;;trade;Reaper Cloth
478;Frosdedje;Froslass;;Ice;Ghost;4;1,3;26,6;Snorunt;;useItem;Dawn Stone
479;Rotom;Rotom;;Electric;Ghost;4;0,3;0,3;;;;
479;Rotom;Rotom;Heat Rotom;Electric;Fire;4;0,3;0,3;;;;
479;Rotom;Rotom;Wash Rotom;Electric;Water;4;0,3;0,3;;;;
479;Rotom;Rotom;Frost Rotom;Electric;Ice;4;0,3;0,3;;;;
479;Rotom;Rotom;Fan Rotom;Electric;Flying;4;0,3;0,3;;;;
479;Rotom;Rotom;Mow Rotom;Electric;Grass;4;0,3;0,3;;;;
480;Selfe;Uxie;;Psychic;;4;0,3;0,3;;;;
481;Vesprit;Mesprit;;Psychic;;4;0,3;0,3;;;;
482;Tobutz;Azelf;;Psychic;;4;0,3;0,3;;;;
483;Dialga;Dialga;;Steel;Dragon;4;5,4;683;;;;
484;Palkia;Palkia;;Water;Dragon;4;4,2;336;;;;
485;Heatran;Heatran;;Fire;Steel;4;1,7;430;;;;
486;Regigigas;Regigigas;;Normal;;4;3,7;420;;;;
487;Giratina;Giratina;Altered Forme;Ghost;Dragon;4;4,5;750;;;;
487;Giratina;Giratina;Origin Forme;Ghost;Dragon;4;4,5;750;;;;
488;Cresselia;Cresselia;;Psychic;;4;1,5;85,6;;;;
489;Phione;Phione;;Water;;4;0,4;3,1;;;;
490;Manaphy;Manaphy;;Water;;4;0,3;1,4;;;;
491;Darkrai;Darkrai;;Dark;;4;1,5;50,5;;;;
492;Shaymin;Shaymin;Land Forme;Grass;;4;0,2;2,1;;;;
492;Shaymin;Shaymin;Sky Forme;Grass;Flying;4;0,2;2,1;;;;
493;Arceus;Arceus;;Normal;;4;3,2;320;;;;
494;Victini;Victini;;Psychic;Fire;5;0,4;4;;;;
495;Serpifeu;Snivy;;Grass;;5;0,6;8,1;;Servine;;
496;Efoserp;Servine;;Grass;;5;0,8;16;Snivy;Serperior;;
497;Serpiroyal;Serperior;;Grass;;5;3,3;63;Servine;;;
498;Floink;Tepig;;Fire;;5;0,5;9,9;;Pignite;;
499;Ferkokel;Pignite;;Fire;Fighting;5;1;55,5;Tepig;Emboar;;
500;Flambirex;Emboar;;Fire;Fighting;5;1,6;150;Pignite;;;
501;Ottaro;Oshawott;;Water;;5;0,5;5,9;;Dewott;;
502;Zwottronin;Dewott;;Water;;5;0,8;24,5;Oshawott;Samurott;;
503;Admurai;Samurott;;Water;;5;1,5;94,6;Dewott;;;
504;Nagelotz;Patrat;;Normal;;5;0,5;11,6;;Watchog;;
505;Kukmarda;Watchog;;Normal;;5;1,1;27;Patrat;;;
506;Yorkleff;Lillipup;;Normal;;5;0,4;4,1;;Herdier;;
507;Terribark;Herdier;;Normal;;5;0,9;14,7;Lillipup;Stoutland;;
508;Bissbark;Stoutland;;Normal;;5;1,2;61;Herdier;;;
509;Felilou;Purrloin;;Dark;;5;0,4;10,1;;Liepard;;
510;Kleoparda;Liepard;;Dark;;5;1,1;37,5;Purrloin;;;
511;Vegimak;Pansage;;Grass;;5;0,6;10,5;;Simisage;;
512;Vegichita;Simisage;;Grass;;5;1,1;30,5;Pansage;;useItem;Leaf Stone
513;Grillmak;Pansear;;Fire;;5;0,6;11;;Simisear;;
514;Grillchita;Simisear;;Fire;;5;1;28;Pansear;;useItem;Fire Stone
515;Sodamak;Panpour;;Water;;5;0,6;13,5;;Simipour;;
516;Sodachita;Simipour;;Water;;5;1;29;Panpour;;useItem;Water Stone
517;Somniam;Munna;;Psychic;;5;0,6;23,3;;Musharna;;
518;Somnivora;Musharna;;Psychic;;5;1,1;60,5;Munna;;useItem;Moon Stone
519;Dusselgurr;Pidove;;Normal;Flying;5;0,3;2,1;;Tranquill;;
520;Navitaub;Tranquill;;Normal;Flying;5;0,6;15;Pidove;Unfezant;;
521;Fasasnob;Unfezant;;Normal;Flying;5;1,2;29;Tranquill;;;
522;Elezeba;Blitzle;;Electric;;5;0,8;29,8;;Zebstrika;;
523;Zebritz;Zebstrika;;Electric;;5;1,6;79,5;Blitzle;;;
524;Kiesling;Roggenrola;;Rock;;5;0,4;18;;Boldore;;
525;Sedimantur;Boldore;;Rock;;5;0,9;102;Roggenrola;Gigalith;;
526;Brockoloss;Gigalith;;Rock;;5;1,7;260;Boldore;;trade;
527;Fleknoil;Woobat;;Psychic;Flying;5;0,4;2,1;;Swoobat;;
528;Fletiamo;Swoobat;;Psychic;Flying;5;0,9;10,5;Woobat;;levelFriendship;
529;Rotomurf;Drilbur;;Ground;;5;0,3;8,5;;Excadrill;;
530;Stalobor;Excadrill;;Ground;Steel;5;0,7;40,4;Drilbur;;;
531;Ohrdoch;Audino;;Normal;;5;1,1;31;;;;
532;Praktibalk;Timburr;;Fighting;;5;0,6;12,5;;Gurdurr;;
533;Strepoli;Gurdurr;;Fighting;;5;1,2;40;Timburr;Conkeldurr;;
534;Meistagrif;Conkeldurr;;Fighting;;5;1,4;87;Gurdurr;;trade;
535;Schallquap;Tympole;;Water;;5;0,5;4,5;;Palpitoad;;
536;Mebrana;Palpitoad;;Water;Ground;5;0,8;17;Tympole;Seismitoad;;
537;Branawarz;Seismitoad;;Water;Ground;5;1,5;62;Palpitoad;;;
538;Jiutesto;Throh;;Fighting;;5;1,3;55,5;;;;
539;Karadonis;Sawk;;Fighting;;5;1,4;51;;;;
540;Strawickl;Sewaddle;;Bug;Grass;5;0,3;2,5;;Swadloon;;
541;Folikon;Swadloon;;Bug;Grass;5;0,5;7,3;Sewaddle;Leavanny;;
542;Matrifol;Leavanny;;Bug;Grass;5;1,2;20,5;Swadloon;;levelFriendship;
543;Toxiped;Venipede;;Bug;Poison;5;0,4;5,3;;Whirlipede;;
544;Rollum;Whirlipede;;Bug;Poison;5;1,2;58,5;Venipede;Scolipede;;
545;Cerapendra;Scolipede;;Bug;Poison;5;2,5;200,5;Whirlipede;;;
546;Waumboll;Cottonee;;Grass;Fairy;5;0,3;0,6;;Whimsicott;;
547;Elfun;Whimsicott;;Grass;Fairy;5;0,7;6,6;Cottonee;;useItem;Sun Stone
548;Lilminip;Petilil;;Grass;;5;0,5;6,6;;Lilligant;;
549;Dressella;Lilligant;;Grass;;5;1,1;16,3;Petilil;;useItem;Sun Stone
550;Barschuft;Basculin;Red-Striped Form;Water;;5;1;18;;;;
550;Barschuft;Basculin;Blue-Striped Form;Water;;5;1;18;;;;
551;Ganovil;Sandile;;Ground;Dark;5;0,7;15,2;;Krokorok;;
552;Rokkaiman;Krokorok;;Ground;Dark;5;1;33,4;Sandile;Krookodile;;
553;Rabigator;Krookodile;;Ground;Dark;5;1,5;96,3;Krokorok;;;
554;Flampion;Darumaka;;Fire;;5;0,6;37,5;;Darmanitan;;
555;Flampivian;Darmanitan;Standard Mode;Fire;;5;1,3;92,9;Darumaka;;;
555;Flampivian;Darmanitan;Zen Mode;Fire;Psychic;5;1,3;92,9;Darumaka;;;
556;Maracamba;Maractus;;Grass;;5;1;28;;;;
557;Lithomith;Dwebble;;Bug;Rock;5;0,3;14,5;;Crustle;;
558;Castellith;Crustle;;Bug;Rock;5;1,4;200;Dwebble;;;
559;Zurrokex;Scraggy;;Dark;Fighting;5;0,6;11,8;;Scrafty;;
560;Irokex;Scrafty;;Dark;Fighting;5;1,1;30;Scraggy;;;
561;Symvolara;Sigilyph;;Psychic;Flying;5;1,4;14;;;;
562;Makabaja;Yamask;;Ghost;;5;0,5;1,5;;Cofagrigus;;
563;Echnatoll;Cofagrigus;;Ghost;;5;1,7;76,5;Yamask;;;
564;Galapaflos;Tirtouga;;Water;Rock;5;0,7;16,5;;Carracosta;;
565;Karippas;Carracosta;;Water;Rock;5;1,2;81;Tirtouga;;;
566;Flapteryx;Archen;;Rock;Flying;5;0,5;9,5;;Archeops;;
567;Aeropteryx;Archeops;;Rock;Flying;5;1,4;32;Archen;;;
568;Unratütox;Trubbish;;Poison;;5;0,6;31;;Garbodor;;
569;Deponitox;Garbodor;;Poison;;5;1,9;107,3;Trubbish;;;
570;Zorua;Zorua;;Dark;;5;0,7;12,5;;Zoroark;;
571;Zoroark;Zoroark;;Dark;;5;1,6;81,1;Zorua;;;
572;Picochilla;Minccino;;Normal;;5;0,4;5,8;;Cinccino;;
573;Chillabell;Cinccino;;Normal;;5;0,5;7,5;Minccino;;useItem;Shiny Stone
574;Mollimorba;Gothita;;Psychic;;5;0,4;5,8;;Gothorita;;
575;Hypnomorba;Gothorita;;Psychic;;5;0,7;18;Gothita;Gothitelle;;
576;Morbitesse;Gothitelle;;Psychic;;5;1,5;44;Gothorita;;;
577;Monozyto;Solosis;;Psychic;;5;0,3;1;;Duosion;;
578;Mitodos;Duosion;;Psychic;;5;0,6;8;Solosis;Reuniclus;;
579;Zytomega;Reuniclus;;Psychic;;5;1;20,1;Duosion;;;
580;Piccolente;Ducklett;;Water;Flying;5;0,5;5,5;;Swanna;;
581;Swaroness;Swanna;;Water;Flying;5;1,3;24,2;Ducklett;;;
582;Gelatini;Vanillite;;Ice;;5;0,4;5,7;;Vanillish;;
583;Gelatroppo;Vanillish;;Ice;;5;1,1;41;Vanillite;Vanilluxe;;
584;Gelatwino;Vanilluxe;;Ice;;5;1,3;57,5;Vanillish;;;
585;Sesokitz;Deerling;;Normal;Grass;5;0,6;19,5;;Sawsbuck;;
586;Kronjuwild;Sawsbuck;;Normal;Grass;5;1,9;92,5;Deerling;;;
587;Emolga;Emolga;;Electric;Flying;5;0,4;5;;;;
588;Laukaps;Karrablast;;Bug;;5;0,5;5,9;;Escavalier;;
589;Cavalanzas;Escavalier;;Bug;Steel;5;1;33;Karrablast;;trade;
590;Tarnpignon;Foongus;;Grass;Poison;5;0,2;1;;Amoonguss;;
591;Hutsassa;Amoonguss;;Grass;Poison;5;0,6;10,5;Foongus;;;
592;Quabbel;Frillish;;Water;Ghost;5;1,2;33;;Jellicent;;
593;Apoquallyp;Jellicent;;Water;Ghost;5;2,2;135;Frillish;;;
594;Mamolida;Alomomola;;Water;;5;1,2;31,6;;;;
595;Wattzapf;Joltik;;Bug;Electric;5;0,1;0,6;;Galvantula;;
596;Voltula;Galvantula;;Bug;Electric;5;0,8;14,3;Joltik;;;
597;Kastadur;Ferroseed;;Grass;Steel;5;0,6;18,8;;Ferrothorn;;
598;Tentantel;Ferrothorn;;Grass;Steel;5;1;110;Ferroseed;;;
599;Klikk;Klink;;Steel;;5;0,3;21;;Klang;;
600;Kliklak;Klang;;Steel;;5;0,6;51;Klink;Klinklang;;
601;Klikdiklak;Klinklang;;Steel;;5;0,6;81;Klang;;;
602;Zapplardin;Tynamo;;Electric;;5;0,2;0,3;;Eelektrik;;
603;Zapplalek;Eelektrik;;Electric;;5;1,2;22;Tynamo;Eelektross;;
604;Zapplarang;Eelektross;;Electric;;5;2,1;80,5;Eelektrik;;useItem;Thunder Stone
605;Pygraulon;Elgyem;;Psychic;;5;0,5;9;;Beheeyem;;
606;Megalon;Beheeyem;;Psychic;;5;1;34,5;Elgyem;;;
607;Lichtel;Litwick;;Ghost;Fire;5;0,3;3,1;;Lampent;;
608;Laternecto;Lampent;;Ghost;Fire;5;0,6;13;Litwick;Chandelure;;
609;Skelabra;Chandelure;;Ghost;Fire;5;1;34,3;Lampent;;useItem;Dusk Stone
610;Milza;Axew;;Dragon;;5;0,6;18;;Fraxure;;
611;Sharfax;Fraxure;;Dragon;;5;1;36;Axew;Haxorus;;
612;Maxax;Haxorus;;Dragon;;5;1,8;105,5;Fraxure;;;
613;Petznief;Cubchoo;;Ice;;5;0,5;8,5;;Beartic;;
614;Siberio;Beartic;;Ice;;5;2,6;260;Cubchoo;;;
615;Frigometri;Cryogonal;;Ice;;5;1,1;148;;;;
616;Schnuthelm;Shelmet;;Bug;;5;0,4;7,7;;Accelgor;;
617;Hydragil;Accelgor;;Bug;;5;0,8;25,3;Shelmet;;trade;
618;Flunschlik;Stunfisk;;Ground;Electric;5;0,7;11;;;;
619;Lin-Fu;Mienfoo;;Fighting;;5;0,9;20;;Mienshao;;
620;Wie-Shu;Mienshao;;Fighting;;5;1,4;35,5;Mienfoo;;;
621;Shardrago;Druddigon;;Dragon;;5;1,6;139;;;;
622;Golbit;Golett;;Ground;Ghost;5;1;92;;Golurk;;
623;Golgantes;Golurk;;Ground;Ghost;5;2,8;330;Golett;;;
624;Gladiantri;Pawniard;;Dark;Steel;5;0,5;10,2;;Bisharp;;
625;Caesurio;Bisharp;;Dark;Steel;5;1,6;70;Pawniard;Kingambit;;
626;Bisofank;Bouffalant;;Normal;;5;1,6;94,6;;;;
627;Geronimatz;Rufflet;;Normal;Flying;5;0,5;10,5;;Braviary;;
628;Washakwil;Braviary;;Normal;Flying;5;1,5;41;Rufflet;;;
629;Skallyk;Vullaby;;Dark;Flying;5;0,5;9;;Mandibuzz;;
630;Grypheldis;Mandibuzz;;Dark;Flying;5;1,2;39,5;Vullaby;;;
631;Furnifraß;Heatmor;;Fire;;5;1,4;58;;;;
632;Fermicula;Durant;;Bug;Steel;5;0,3;33;;;;
633;Kapuno;Deino;;Dark;Dragon;5;0,8;17,3;;Zweilous;;
634;Duodino;Zweilous;;Dark;Dragon;5;1,4;50;Deino;Hydreigon;;
635;Trikephalo;Hydreigon;;Dark;Dragon;5;1,8;160;Zweilous;;;
636;Ignivor;Larvesta;;Bug;Fire;5;1,1;28,8;;Volcarona;;
637;Ramoth;Volcarona;;Bug;Fire;5;1,6;46;Larvesta;;;
638;Kobalium;Cobalion;;Steel;Fighting;5;2,1;250;;;;
639;Terrakium;Terrakion;;Rock;Fighting;5;1,9;260;;;;
640;Viridium;Virizion;;Grass;Fighting;5;2;200;;;;
641;Boreos;Tornadus;Incarnate Forme;Flying;;5;1,5;63;;;;
641;Boreos;Tornadus;Therian Forme;Flying;;5;1,5;63;;;;
642;Voltolos;Thundurus;Incarnate Forme;Electric;Flying;5;1,5;61;;;;
642;Voltolos;Thundurus;Therian Forme;Electric;Flying;5;1,5;61;;;;
643;Reshiram;Reshiram;;Dragon;Fire;5;3,2;330;;;;
644;Zekrom;Zekrom;;Dragon;Electric;5;2,9;345;;;;
645;Demeteros;Landorus;Incarnate Forme;Ground;Flying;5;1,5;68;;;;
645;Demeteros;Landorus;Therian Forme;Ground;Flying;5;1,5;68;;;;
646;Kyurem;Kyurem;;Dragon;Ice;5;3;325;;;;
646;Kyurem;Kyurem;White Kyurem;Dragon;Ice;5;3;325;;;;
646;Kyurem;Kyurem;Black Kyurem;Dragon;Ice;5;3;325;;;;
647;Keldeo;Keldeo;Ordinary Form;Water;Fighting;5;1,4;48,5;;;;
647;Keldeo;Keldeo;Resolute Form;Water;Fighting;5;1,4;48,5;;;;
648;Meloetta;Meloetta;Aria Forme;Normal;Psychic;5;0,6;6,5;;;;
648;Meloetta;Meloetta;Pirouette Forme;Normal;Fighting;5;0,6;6,5;;;;
649;Genesect;Genesect;;Bug;Steel;5;1,5;82,5;;;;
3;Bisaflor;Venusaur;Mega Venusaur;Grass;Poison;6;2;100;Ivysaur;;;
6;Glurak;Charizard;Mega Charizard X;Fire;Dragon;6;1,7;90,5;Charmeleon;;;
6;Glurak;Charizard;Mega Charizard Y;Fire;Flying;6;1,7;90,5;Charmeleon;;;
9;Turtok;Blastoise;Mega Blastoise;Water;;6;1,6;85,5;Wartortle;;;
15;Bibor;Beedrill;Mega Beedrill;Bug;Poison;6;1;29,5;Kakuna;;;
18;Tauboss;Pidgeot;Mega Pidgeot;Normal;Flying;6;1,5;39,5;Pidgeotto;;;
65;Simsala;Alakazam;Mega Alakazam;Psychic;;6;1,5;48;Kadabra;;trade;
80;Lahmus;Slowbro;Mega Slowbro;Water;Psychic;6;1,6;78,5;Slowpoke;;;
94;Gengar;Gengar;Mega Gengar;Ghost;Poison;6;1,5;40,5;Haunter;;trade;
115;Kangama;Kangaskhan;Mega Kangaskhan;Normal;;6;2,2;80;;;;
127;Pinsir;Pinsir;Mega Pinsir;Bug;Flying;6;1,5;55;;;;
130;Garados;Gyarados;Mega Gyarados;Water;Dark;6;6,5;235;Magikarp;;;
142;Aerodactyl;Aerodactyl;Mega Aerodactyl;Rock;Flying;6;1,8;59;;;;
150;Mewtu;Mewtwo;Mega Mewtwo X;Psychic;Fighting;6;2;122;;;;
150;Mewtu;Mewtwo;Mega Mewtwo Y;Psychic;;6;2;122;;;;
181;Ampharos;Ampharos;Mega Ampharos;Electric;Dragon;6;1,4;61,5;Flaaffy;;;
208;Stahlos;Steelix;Mega Steelix;Steel;Ground;6;9,2;400;Onix;;trade;Metal Coat
212;Scherox;Scizor;Mega Scizor;Bug;Steel;6;1,8;118;Scyther;;trade;Metal Coat
214;Skaraborn;Heracross;Mega Heracross;Bug;Fighting;6;1,5;54;;;;
229;Hundemon;Houndoom;Mega Houndoom;Dark;Fire;6;1,4;35;Houndour;;;
248;Despotar;Tyranitar;Mega Tyranitar;Rock;Dark;6;2;202;Pupitar;;;
254;Gewaldro;Sceptile;Mega Sceptile;Grass;Dragon;6;1,7;52,2;Grovyle;;;
257;Lohgock;Blaziken;Mega Blaziken;Fire;Fighting;6;1,9;52;Combusken;;;
260;Sumpex;Swampert;Mega Swampert;Water;Ground;6;1,5;81,9;Marshtomp;;;
282;Guardevoir;Gardevoir;Mega Gardevoir;Psychic;Fairy;6;1,6;48,4;Kirlia;;;
302;Zobiris;Sableye;Mega Sableye;Dark;Ghost;6;0,5;11;;;;
303;Flunkifer;Mawile;Mega Mawile;Steel;Fairy;6;0,6;11,5;;;;
306;Stolloss;Aggron;Mega Aggron;Steel;;6;2,1;360;Lairon;;;
308;Meditalis;Medicham;Mega Medicham;Fighting;Psychic;6;1,3;31,5;Meditite;;;
310;Voltenso;Manectric;Mega Manectric;Electric;;6;1,5;40,2;Electrike;;;
319;Tohaido;Sharpedo;Mega Sharpedo;Water;Dark;6;1,8;88,8;Carvanha;;;
323;Camerupt;Camerupt;Mega Camerupt;Fire;Ground;6;1,9;220;Numel;;;
334;Altaria;Altaria;Mega Altaria;Dragon;Fairy;6;1,1;20,6;Swablu;;;
354;Banette;Banette;Mega Banette;Ghost;;6;1,1;12,5;Shuppet;;;
359;Absol;Absol;Mega Absol;Dark;;6;1,2;47;;;;
362;Firnontor;Glalie;Mega Glalie;Ice;;6;1,5;256,5;Snorunt;;;
373;Brutalanda;Salamence;Mega Salamence;Dragon;Flying;6;1,5;102,6;Shelgon;;;
376;Metagross;Metagross;Mega Metagross;Steel;Psychic;6;1,6;550;Metang;;;
380;Latias;Latias;Mega Latias;Dragon;Psychic;6;1,4;40;;;;
381;Latios;Latios;Mega Latios;Dragon;Psychic;6;2;60;;;;
382;Kyogre;Kyogre;Primal Kyogre;Water;;6;4,5;352;;;;
383;Groudon;Groudon;Primal Groudon;Ground;Fire;6;3,5;950;;;;
384;Rayquaza;Rayquaza;Mega Rayquaza;Dragon;Flying;6;7;206,5;;;;
428;Schlapor;Lopunny;Mega Lopunny;Normal;Fighting;6;1,2;33,3;Buneary;;levelFriendship;
445;Knakrack;Garchomp;Mega Garchomp;Dragon;Ground;6;1,9;95;Gabite;;;
448;Lucario;Lucario;Mega Lucario;Fighting;Steel;6;1,2;54;Riolu;;levelFriendship;
460;Rexblisar;Abomasnow;Mega Abomasnow;Grass;Ice;6;2,2;135,5;Snover;;;
475;Galagladi;Gallade;Mega Gallade;Psychic;Fighting;6;1,6;52;Kirlia;;useItem;Dawn Stone
531;Ohrdoch;Audino;Mega Audino;Normal;Fairy;6;1,1;31;;;;
650;Igamaro;Chespin;;Grass;;6;0,4;9;;Quilladin;;
651;Igastarnish;Quilladin;;Grass;;6;0,7;29;Chespin;Chesnaught;;
652;Brigaron;Chesnaught;;Grass;Fighting;6;1,6;90;Quilladin;;;
653;Fynx;Fennekin;;Fire;;6;0,4;9,4;;Braixen;;
654;Rutena;Braixen;;Fire;;6;1;14,5;Fennekin;Delphox;;
655;Fennexis;Delphox;;Fire;Psychic;6;1,5;39;Braixen;;;
656;Froxy;Froakie;;Water;;6;0,3;7;;Frogadier;;
657;Amphizel;Frogadier;;Water;;6;0,6;10,9;Froakie;Greninja;;
658;Quajutsu;Greninja;;Water;Dark;6;1,5;40;Frogadier;;;
659;Scoppel;Bunnelby;;Normal;;6;0,4;5;;Diggersby;;
660;Grebbit;Diggersby;;Normal;Ground;6;1;42,4;Bunnelby;;;
661;Dartiri;Fletchling;;Normal;Flying;6;0,3;1,7;;Fletchinder;;
662;Dartignis;Fletchinder;;Fire;Flying;6;0,7;16;Fletchling;Talonflame;;
663;Fiaro;Talonflame;;Fire;Flying;6;1,2;24,5;Fletchinder;;;
664;Purmel;Scatterbug;;Bug;;6;0,3;2,5;;Spewpa;;
665;Puponcho;Spewpa;;Bug;;6;0,3;8,4;Scatterbug;Vivillon;;
666;Vivillon;Vivillon;;Bug;Flying;6;1,2;17;Spewpa;;;
667;Leufeo;Litleo;;Fire;Normal;6;0,6;13,5;;Pyroar;;
668;Pyroleo;Pyroar;;Fire;Normal;6;1,5;81,5;Litleo;;;
669;Flabébé;Flabébé;;Fairy;;6;0,1;0,1;;Floette;;
670;Floette;Floette;;Fairy;;6;0,2;0,9;Flabe?be?;Florges;;
671;Florges;Florges;;Fairy;;6;1,1;10;Floette;;useItem;Shiny Stone
672;Mähikel;Skiddo;;Grass;;6;0,9;31;;Gogoat;;
673;Chevrumm;Gogoat;;Grass;;6;1,7;91;Skiddo;;;
674;Pam-Pam;Pancham;;Fighting;;6;0,6;8;;Pangoro;;
675;Pandagro;Pangoro;;Fighting;Dark;6;2,1;136;Pancham;;;
676;Coiffwaff;Furfrou;;Normal;;6;1,2;28;;;;
677;Psiau;Espurr;;Psychic;;6;0,3;3,5;;Meowstic;;
678;Psiaugon;Meowstic;Male;Psychic;;6;0,6;8,5;Espurr;;;
678;Psiaugon;Meowstic;Female;Psychic;;6;0,6;8,5;Espurr;;;
679;Gramokles;Honedge;;Steel;Ghost;6;0,8;2;;Doublade;;
680;Duokles;Doublade;;Steel;Ghost;6;0,8;4,5;Honedge;Aegislash;;
681;Durengard;Aegislash;Shield Forme;Steel;Ghost;6;1,7;53;Doublade;;useItem;Dusk Stone
681;Durengard;Aegislash;Blade Forme;Steel;Ghost;6;1,7;53;Doublade;;useItem;Dusk Stone
682;Parfi;Spritzee;;Fairy;;6;0,2;0,5;;Aromatisse;;
683;Parfinesse;Aromatisse;;Fairy;;6;0,8;15,5;Spritzee;;trade;Sachet
684;Flauschling;Swirlix;;Fairy;;6;0,4;3,5;;Slurpuff;;
685;Sabbaione;Slurpuff;;Fairy;;6;0,8;5;Swirlix;;trade;Whipped Dream
686;Iscalar;Inkay;;Dark;Psychic;6;0,4;3,5;;Malamar;;
687;Calamanero;Malamar;;Dark;Psychic;6;1,5;47;Inkay;;;
688;Bithora;Binacle;;Rock;Water;6;0,5;31;;Barbaracle;;
689;Thanathora;Barbaracle;;Rock;Water;6;1,3;96;Binacle;;;
690;Algitt;Skrelp;;Poison;Water;6;0,5;7,3;;Dragalge;;
691;Tandrak;Dragalge;;Poison;Dragon;6;1,8;81,5;Skrelp;;;
692;Scampisto;Clauncher;;Water;;6;0,5;8,3;;Clawitzer;;
693;Wummer;Clawitzer;;Water;;6;1,3;35,3;Clauncher;;;
694;Eguana;Helioptile;;Electric;Normal;6;0,5;6;;Heliolisk;;
695;Elezard;Heliolisk;;Electric;Normal;6;1;21;Helioptile;;useItem;Sun Stone
696;Balgoras;Tyrunt;;Rock;Dragon;6;0,8;26;;Tyrantrum;;
697;Monargoras;Tyrantrum;;Rock;Dragon;6;2,5;270;Tyrunt;;;
698;Amarino;Amaura;;Rock;Ice;6;1,3;25,2;;Aurorus;;
699;Amagarga;Aurorus;;Rock;Ice;6;2,7;225;Amaura;;;
700;Feelinara;Sylveon;;Fairy;;6;1;23,5;Eevee;;levelExtra;
701;Resladero;Hawlucha;;Fighting;Flying;6;0,8;21,5;;;;
702;Dedenne;Dedenne;;Electric;Fairy;6;0,2;2,2;;;;
703;Rocara;Carbink;;Rock;Fairy;6;0,3;5,7;;;;
704;Viscora;Goomy;;Dragon;;6;0,3;2,8;;Sliggoo;;
705;Viscargot;Sliggoo;;Dragon;;6;0,8;17,5;Goomy;Goodra;;
706;Viscogon;Goodra;;Dragon;;6;2;150,5;Sliggoo;;;
707;Clavion;Klefki;;Steel;Fairy;6;0,2;3;;;;
708;Paragoni;Phantump;;Ghost;Grass;6;0,4;7;;Trevenant;;
709;Trombork;Trevenant;;Ghost;Grass;6;1,5;71;Phantump;;trade;
710;Irrbis;Pumpkaboo;Average Size;Ghost;Grass;6;0,4;5;;Gourgeist;;
710;Irrbis;Pumpkaboo;Small Size;Ghost;Grass;6;0,4;5;;Gourgeist;;
710;Irrbis;Pumpkaboo;Large Size;Ghost;Grass;6;0,4;5;;Gourgeist;;
710;Irrbis;Pumpkaboo;Super Size;Ghost;Grass;6;0,4;5;;Gourgeist;;
711;Pumpdjinn;Gourgeist;Average Size;Ghost;Grass;6;0,9;12,5;Pumpkaboo;;trade;
711;Pumpdjinn;Gourgeist;Small Size;Ghost;Grass;6;0,9;12,5;Pumpkaboo;;trade;
711;Pumpdjinn;Gourgeist;Large Size;Ghost;Grass;6;0,9;12,5;Pumpkaboo;;trade;
711;Pumpdjinn;Gourgeist;Super Size;Ghost;Grass;6;0,9;12,5;Pumpkaboo;;trade;
712;Arktip;Bergmite;;Ice;;6;1;99,5;;Avalugg;;
713;Arktilas;Avalugg;;Ice;;6;2;505;Bergmite;;;
714;eF-eM;Noibat;;Flying;Dragon;6;0,5;8;;Noivern;;
715;UHaFnir;Noivern;;Flying;Dragon;6;1,5;85;Noibat;;;
716;Xerneas;Xerneas;;Fairy;;6;3;215;;;;
717;Yveltal;Yveltal;;Dark;Flying;6;5,8;203;;;;
718;Zygarde;Zygarde50% Forme;;Dragon;Ground;6;5;305;;;;
719;Diancie;Diancie;;Rock;Fairy;6;0,7;8,8;;;;
719;Diancie;Diancie;Mega Diancie;Rock;Fairy;6;0,7;8,8;;;;
720;Hoopa;Hoopa;Hoopa Confined;Psychic;Ghost;6;0,5;9;;;;
720;Hoopa;Hoopa;Hoopa Unbound;Psychic;Dark;6;0,5;9;;;;
721;Volcanion;Volcanion;;Fire;Water;6;1,7;195;;;;
52;Mauzi;Meowth;Galarian Meowth;Steel;;8;0,4;4,2;;Persian;;
58;Fukano;Growlithe;Hisuian Growlithe;Fire;Rock;8;0,7;19;;Arcanine;;
59;Arkani;Arcanine;Hisuian Arcanine;Fire;Rock;8;1,9;155;Growlithe;;useItem;Fire Stone
77;Ponita;Ponyta;Galarian Ponyta;Psychic;;8;1;30;;Rapidash;;
78;Gallopa;Rapidash;Galarian Rapidash;Psychic;Fairy;8;1,7;95;Ponyta;;;
79;Flegmon;Slowpoke;Galarian Slowpoke;Psychic;;8;1,2;36;;Slowbro;;
80;Lahmus;Slowbro;Galarian Slowbro;Poison;Psychic;8;1,6;78,5;Slowpoke;;;
83;Porenta;Farfetch'd;Galarian Farfetch'd;Fighting;;8;0,8;15;;;;
100;Voltobal;Voltorb;Hisuian Voltorb;Electric;Grass;8;0,5;10,4;;Electrode;;
101;Lektrobal;Electrode;Hisuian Electrode;Electric;Grass;8;1,2;66,6;Voltorb;;;
110;Smogmog;Weezing;Galarian Weezing;Poison;Fairy;8;1,2;9,5;Koffing;;;
122;Pantimos;Mr. Mime;Galarian Mr. Mime;Ice;Psychic;8;1,3;54,5;Mime Jr.;;levelMove;
144;Arktos;Articuno;Galarian Articuno;Psychic;Flying;8;1,7;55,4;;;;
145;Zapdos;Zapdos;Galarian Zapdos;Fighting;Flying;8;1,6;52,6;;;;
146;Lavados;Moltres;Galarian Moltres;Dark;Flying;8;2;60;;;;
157;Tornupto;Typhlosion;Hisuian Typhlosion;Fire;Ghost;8;1,7;79,5;Quilava;;;
199;Laschoking;Slowking;Galarian Slowking;Poison;Psychic;8;2;79,5;Slowpoke;;trade;King's Rock
211;Baldorfish;Qwilfish;Hisuian Qwilfish;Dark;Poison;8;0,5;3,9;;;;
215;Sniebel;Sneasel;Hisuian Sneasel;Fighting;Poison;8;0,9;28;;Weavile;;
222;Corasonn;Corsola;Galarian Corsola;Ghost;;8;0,6;5;;;;
263;Zigzachs;Zigzagoon;Galarian Zigzagoon;Dark;Normal;8;0,4;17,5;;Linoone;;
264;Geradaks;Linoone;Galarian Linoone;Dark;Normal;8;0,5;32,5;Zigzagoon;;;
483;Dialga;Dialga;Origin Forme;Steel;Dragon;8;5,4;683;;;;
484;Palkia;Palkia;Origin Forme;Water;Dragon;8;4,2;336;;;;
503;Admurai;Samurott;Hisuian Samurott;Water;Dark;8;1,5;94,6;Dewott;;;
549;Dressella;Lilligant;Hisuian Lilligant;Grass;Fighting;8;1,1;16,3;Petilil;;useItem;Sun Stone
550;Barschuft;Basculin;White-Striped Form;Water;;8;1;18;;;;
554;Flampion;Darumaka;Galarian Darumaka;Ice;;8;0,6;37,5;;Darmanitan;;
555;Flampivian;Darmanitan;Galarian Standard Mode;Ice;;8;1,3;92,9;Darumaka;;;
555;Flampivian;Darmanitan;Galarian Zen Mode;Ice;Fire;8;1,3;92,9;Darumaka;;;
562;Makabaja;Yamask;Galarian Yamask;Ground;Ghost;8;0,5;1,5;;Cofagrigus;;
570;Zorua;Zorua;Hisuian Zorua;Normal;Ghost;8;0,7;12,5;;Zoroark;;
571;Zoroark;Zoroark;Hisuian Zoroark;Normal;Ghost;8;1,6;81,1;Zorua;;;
618;Flunschlik;Stunfisk;Galarian Stunfisk;Ground;Steel;8;0,7;11;;;;
628;Washakwil;Braviary;Hisuian Braviary;Psychic;Flying;8;1,5;41;Rufflet;;;
705;Viscargot;Sliggoo;Hisuian Sliggoo;Steel;Dragon;8;0,8;17,5;Goomy;Goodra;;
706;Viscogon;Goodra;Hisuian Goodra;Steel;Dragon;8;2;150,5;Sliggoo;;;
713;Arktilas;Avalugg;Hisuian Avalugg;Ice;Rock;8;2;505;Bergmite;;;
724;Silvarro;Decidueye;Hisuian Decidueye;Grass;Fighting;8;1,6;36,6;Dartrix;;;
810;Chimpep;Grookey;;Grass;;8;0,3;5;;Thwackey;;
811;Chimstix;Thwackey;;Grass;;8;0,7;14;Grookey;Rillaboom;;
812;Gortrom;Rillaboom;;Grass;;8;2,1;90;Thwackey;;;
813;Hopplo;Scorbunny;;Fire;;8;0,3;4,5;;Raboot;;
814;Kickerlo;Raboot;;Fire;;8;0,6;9;Scorbunny;Cinderace;;
815;Liberlo;Cinderace;;Fire;;8;1,4;33;Raboot;;;
816;Memmeon;Sobble;;Water;;8;0,3;4;;Drizzile;;
817;Phlegleon;Drizzile;;Water;;8;0,7;11,5;Sobble;Inteleon;;
818;Intelleon;Inteleon;;Water;;8;1,9;45,2;Drizzile;;;
819;Raffel;Skwovet;;Normal;;8;0,3;2,5;;Greedent;;
820;Schlaraffel;Greedent;;Normal;;8;0,6;6;Skwovet;;;
821;Meikro;Rookidee;;Flying;;8;0,2;1,8;;Corvisquire;;
822;Kranoviz;Corvisquire;;Flying;;8;0,8;16;Rookidee;Corviknight;;
823;Krarmor;Corviknight;;Flying;Steel;8;2,2;75;Corvisquire;;;
824;Sensect;Blipbug;;Bug;;8;0,4;8;;Dottler;;
825;Keradar;Dottler;;Bug;Psychic;8;0,4;19,5;Blipbug;Orbeetle;;
826;Maritellit;Orbeetle;;Bug;Psychic;8;0,4;40,8;Dottler;;;
827;Kleptifux;Nickit;;Dark;;8;0,6;8,9;;Thievul;;
828;Gaunux;Thievul;;Dark;;8;1,2;19,9;Nickit;;;
829;Cottini;Gossifleur;;Grass;;8;0,4;2,2;;Eldegoss;;
830;Cottomi;Eldegoss;;Grass;;8;0,5;2,5;Gossifleur;;;
831;Wolly;Wooloo;;Normal;;8;0,6;6;;Dubwool;;
832;Zwollock;Dubwool;;Normal;;8;1,3;43;Wooloo;;;
833;Kamehaps;Chewtle;;Water;;8;0,3;8,5;;Drednaw;;
834;Kamalm;Drednaw;;Water;Rock;8;1;115,5;Chewtle;;;
835;Voldi;Yamper;;Electric;;8;0,3;13,5;;Boltund;;
836;Bellektro;Boltund;;Electric;;8;1;34;Yamper;;;
837;Klonkett;Rolycoly;;Rock;;8;0,3;12;;Carkol;;
838;Wagong;Carkol;;Rock;Fire;8;1,1;78;Rolycoly;Coalossal;;
839;Montecarbo;Coalossal;;Rock;Fire;8;2,8;310,5;Carkol;;;
840;Knapfel;Applin;;Grass;Dragon;8;0,2;0,5;;Flapple;;
841;Drapfel;Flapple;;Grass;Dragon;8;0,3;1;Applin;;useItem;Tart Apple
842;Schlapfel;Appletun;;Grass;Dragon;8;0,4;13;Applin;;useItem;Sweet Apple
843;Salanga;Silicobra;;Ground;;8;2,2;7,6;;Sandaconda;;
844;Sanaconda;Sandaconda;;Ground;;8;3,8;65,5;Silicobra;;;
845;Urgl;Cramorant;;Flying;Water;8;0,8;18;;;;
846;Pikuda;Arrokuda;;Water;;8;0,5;1;;Barraskewda;;
847;Barrakiefa;Barraskewda;;Water;;8;1,3;30;Arrokuda;;;
848;Toxel;Toxel;;Electric;Poison;8;0,4;11;;Toxtricity;;
849;Riffex;Toxtricity;Amped Form;Electric;Poison;8;1,6;40;Toxel;;;
849;Riffex;Toxtricity;Low Key Form;Electric;Poison;8;1,6;40;Toxel;;;
850;Thermopod;Sizzlipede;;Fire;Bug;8;0,7;1;;Centiskorch;;
851;Infernopod;Centiskorch;;Fire;Bug;8;3;120;Sizzlipede;;;
852;Klopptopus;Clobbopus;;Fighting;;8;0,6;4;;Grapploct;;
853;Kaocto;Grapploct;;Fighting;;8;1,6;39;Clobbopus;;levelMove;
854;Fatalitee;Sinistea;;Ghost;;8;0,1;0,2;;Polteageist;;
855;Mortipot;Polteageist;;Ghost;;8;0,2;0,4;Sinistea;;useItem;Cracked Pot
856;Brimova;Hatenna;;Psychic;;8;0,4;3,4;;Hattrem;;
857;Brimano;Hattrem;;Psychic;;8;0,6;4,8;Hatenna;Hatterene;;
858;Silembrim;Hatterene;;Psychic;Fairy;8;2,1;5,1;Hattrem;;;
859;Bähmon;Impidimp;;Dark;Fairy;8;0,4;5,5;;Morgrem;;
860;Pelzebub;Morgrem;;Dark;Fairy;8;0,8;12,5;Impidimp;Grimmsnarl;;
861;Olangaar;Grimmsnarl;;Dark;Fairy;8;1,5;61;Morgrem;;;
862;Barrikadax;Obstagoon;;Dark;Normal;8;1,6;46;Linoone-Galar;;;
863;Mauzinger;Perrserker;;Steel;;8;0,8;28;Meowth-Galar;;;
864;Gorgasonn;Cursola;;Ghost;;8;1;0,4;Corsola-Galar;;;
865;Lauchzelot;Sirfetch'd;;Fighting;;8;0,8;117;Farfetchd-Galar;;other;
866;Pantifrost;Mr. Rime;;Ice;Psychic;8;1,5;58,2;Mr. Mime-Galar;;;
867;Oghnatoll;Runerigus;;Ground;Ghost;8;1,6;66,6;Yamask-Galar;;other;
868;Hokumil;Milcery;;Fairy;;8;0,2;0,3;;Alcremie;;
869;Pokusan;Alcremie;;Fairy;;8;0,3;0,5;Milcery;;other;
870;Legios;Falinks;;Fighting;;8;3;62;;;;
871;Britzigel;Pincurchin;;Electric;;8;0,3;1;;;;
872;Snomnom;Snom;;Ice;Bug;8;0,3;3,8;;Frosmoth;;
873;Mottineva;Frosmoth;;Ice;Bug;8;1,3;42;Snom;;levelFriendship;
874;Humanolith;Stonjourner;;Rock;;8;2,5;520;;;;
875;Kubuin;Eiscue;Ice Face;Ice;;8;1,4;89;;;;
875;Kubuin;Eiscue;Noice Face;Ice;;8;1,4;89;;;;
876;Servol;Indeedee;Male;Psychic;Normal;8;0,9;28;;;;
876;Servol;Indeedee;Female;Psychic;Normal;8;0,9;28;;;;
877;Morpeko;Morpeko;Full Belly Mode;Electric;Dark;8;0,3;3;;;;
877;Morpeko;Morpeko;Hangry Mode;Electric;Dark;8;0,3;3;;;;
878;Kupfanti;Cufant;;Steel;;8;1,2;100;;Copperajah;;
879;Patinaraja;Copperajah;;Steel;;8;3;650;Cufant;;;
880;Lectragon;Dracozolt;;Electric;Dragon;8;1,8;190;;;;
881;Lecryodon;Arctozolt;;Electric;Ice;8;2,3;150;;;;
882;Pescragon;Dracovish;;Water;Dragon;8;2,3;215;;;;
883;Pescryodon;Arctovish;;Water;Ice;8;2;175;;;;
884;Duraludon;Duraludon;;Steel;Dragon;8;1,8;40;;Archaludon;;
885;Grolldra;Dreepy;;Dragon;Ghost;8;0,5;2;;Drakloak;;
886;Phandra;Drakloak;;Dragon;Ghost;8;1,4;11;Dreepy;Dragapult;;
887;Katapuldra;Dragapult;;Dragon;Ghost;8;3;50;Drakloak;;;
888;Zacian;Zacian;Hero of Many Battles;Fairy;;8;2,8;110;;;;
888;Zacian;Zacian;Crowned Sword;Fairy;Steel;8;2,8;110;;;;
889;Zamazenta;Zamazenta;Hero of Many Battles;Fighting;;8;2,9;210;;;;
889;Zamazenta;Zamazenta;Crowned Shield;Fighting;Steel;8;2,9;210;;;;
890;Endynalos;Eternatus;;Poison;Dragon;8;20;950;;;;
890;Endynalos;Eternatus;Eternamax;Poison;Dragon;8;20;950;;;;
891;Dakuma;Kubfu;;Fighting;;8;0,6;12;;Urshifu;;
892;Wulaosu;Urshifu;Single Strike Style;Fighting;Dark;8;1,9;105;Kubfu;;other;
892;Wulaosu;Urshifu;Rapid Strike Style;Fighting;Water;8;1,9;105;Kubfu;;other;
893;Zarude;Zarude;;Dark;Grass;8;1,8;70;;;;
894;Regieleki;Regieleki;;Electric;;8;1,2;145;;;;
895;Regidrago;Regidrago;;Dragon;;8;2,1;200;;;;
896;Polaross;Glastrier;;Ice;;8;2,2;800;;;;
897;Phantoross;Spectrier;;Ghost;;8;2;44,5;;;;
898;Coronospa;Calyrex;;Psychic;Grass;8;1,1;7,7;;;;
898;Coronospa;Calyrex;Ice Rider;Psychic;Ice;8;1,1;7,7;;;;
898;Coronospa;Calyrex;Shadow Rider;Psychic;Ghost;8;1,1;7,7;;;;
899;Damythir;Wyrdeer;;Normal;Psychic;8;1,8;95,1;Stantler;;other;
900;Axantor;Kleavor;;Bug;Rock;8;1,8;89;Scyther;;useItem;
901;Ursaluna;Ursaluna;;Ground;Normal;8;2,4;290;Ursaring;;other;
902;Salmagnis;Basculegion;Male;Water;Ghost;8;3;110;Basculin-White-Striped;;other;
902;Salmagnis;Basculegion;Female;Water;Ghost;8;3;110;Basculin-White-Striped;;other;
903;Snieboss;Sneasler;;Fighting;Poison;8;1,3;43;Sneasel-Hisui;;levelHold;Razor Claw
904;Myriador;Overqwil;;Dark;Poison;8;2,5;60,5;Qwilfish-Hisui;;other;
905;Cupidos;Enamorus;Incarnate Forme;Fairy;Flying;8;1,6;48;;;;
905;Cupidos;Enamorus;Therian Forme;Fairy;Flying;8;1,6;48;;;;
128;Tauros;Tauros;Combat Breed;Fighting;;9;1,4;88,4;;;;
128;Tauros;Tauros;Blaze Breed;Fighting;Fire;9;1,4;88,4;;;;
128;Tauros;Tauros;Aqua Breed;Fighting;Water;9;1,4;88,4;;;;
194;Felino;Wooper;Paldean Wooper;Poison;Ground;9;0,4;8,5;;Quagsire;;
901;Ursaluna;Ursaluna;Bloodmoon;Ground;Normal;9;2,4;290;Ursaring;;other;
906;Felori;Sprigatito;;Grass;;9;0,4;4,1;;Floragato;;
907;Feliospa;Floragato;;Grass;;9;0,9;12,2;Sprigatito;Meowscarada;;
908;Maskagato;Meowscarada;;Grass;Dark;9;1,5;31,2;Floragato;;;
909;Krokel;Fuecoco;;Fire;;9;0,4;9,8;;Crocalor;;
910;Lokroko;Crocalor;;Fire;;9;1;30,7;Fuecoco;Skeledirge;;
911;Skelokrok;Skeledirge;;Fire;Ghost;9;1,6;326,5;Crocalor;;;
912;Kwaks;Quaxly;;Water;;9;0,5;6,1;;Quaxwell;;
913;Fuentente;Quaxwell;;Water;;9;1,2;21,5;Quaxly;Quaquaval;;
914;Bailonda;Quaquaval;;Water;Fighting;9;1,8;61,9;Quaxwell;;;
915;Ferkuli;Lechonk;;Normal;;9;0,5;10,2;;Oinkologne;;
916;Fragrunz;Oinkologne;Male;Normal;;9;1;120;Lechonk;;;
916;Fragrunz;Oinkologne;Female;Normal;;9;1;120;Lechonk;;;
917;Tarundel;Tarountula;;Bug;;9;0,3;4;;Spidops;;
918;Spinsidias;Spidops;;Bug;;9;1;16,5;Tarountula;;;
919;Micrick;Nymble;;Bug;;9;0,2;1;;Lokix;;
920;Lextremo;Lokix;;Bug;Dark;9;1;17,5;Nymble;;;
921;Pamo;Pawmi;;Electric;;9;0,3;2,5;;Pawmo;;
922;Pamamo;Pawmo;;Electric;Fighting;9;0,4;6,5;Pawmi;Pawmot;;
923;Pamomamo;Pawmot;;Electric;Fighting;9;0,9;41;Pawmo;;other;
924;Zwieps;Tandemaus;;Normal;;9;0,3;1,8;;Maushold;;
925;Famieps;Maushold;Family of Four;Normal;;9;0,3;2,3;Tandemaus;;;
925;Famieps;Maushold;Family of Three;Normal;;9;0,3;2,3;Tandemaus;;;
926;Hefel;Fidough;;Fairy;;9;0,3;10,9;;Dachsbun;;
927;Backel;Dachsbun;;Fairy;;9;0,5;14,9;Fidough;;;
928;Olini;Smoliv;;Grass;Normal;9;0,3;6,5;;Dolliv;;
929;Olivinio;Dolliv;;Grass;Normal;9;0,6;11,9;Smoliv;Arboliva;;
930;Olithena;Arboliva;;Grass;Normal;9;1,4;48,2;Dolliv;;;
931;Krawalloro;Squawkabilly;Green Plumage;Normal;Flying;9;0,6;2,4;;;;
931;Krawalloro;Squawkabilly;Blue Plumage;Normal;Flying;9;0,6;2,4;;;;
931;Krawalloro;Squawkabilly;Yellow Plumage;Normal;Flying;9;0,6;2,4;;;;
931;Krawalloro;Squawkabilly;White Plumage;Normal;Flying;9;0,6;2,4;;;;
932;Geosali;Nacli;;Rock;;9;0,4;16;;Naclstack;;
933;Sedisal;Naclstack;;Rock;;9;0,6;105;Nacli;Garganacl;;
934;Saltigant;Garganacl;;Rock;;9;2,3;240;Naclstack;;;
935;Knarbon;Charcadet;;Fire;;9;0,6;10,5;;Armarouge;;
936;Crimanzo;Armarouge;;Fire;Psychic;9;1,5;85;Charcadet;;useItem;Auspicious Armor
937;Azugladis;Ceruledge;;Fire;Ghost;9;1,6;62;Charcadet;;useItem;Malicious Armor
938;Blipp;Tadbulb;;Electric;;9;0,3;0,4;;Bellibolt;;
939;Wampitz;Bellibolt;;Electric;;9;1,2;113;Tadbulb;;useItem;Thunder Stone
940;Voltrel;Wattrel;;Electric;Flying;9;0,4;3,6;;Kilowattrel;;
941;Voltrean;Kilowattrel;;Electric;Flying;9;1,4;38,6;Wattrel;;;
942;Mobtiff;Maschiff;;Dark;;9;0,5;16;;Mabosstiff;;
943;Mastifioso;Mabosstiff;;Dark;;9;1,1;61;Maschiff;;;
944;Sproxi;Shroodle;;Poison;Normal;9;0,2;0,7;;Grafaiai;;
945;Affiti;Grafaiai;;Poison;Normal;9;0,7;27,2;Shroodle;;;
946;Weherba;Bramblin;;Grass;Ghost;9;0,6;0,6;;Brambleghast;;
947;Horrerba;Brambleghast;;Grass;Ghost;9;1,2;6;Bramblin;;other;
948;Tentagra;Toedscool;;Ground;Grass;9;0,9;33;;Toedscruel;;
949;Tenterra;Toedscruel;;Ground;Grass;9;1,9;58;Toedscool;;;
950;Klibbe;Klawf;;Rock;;9;1,3;79;;;;
951;Chilingel;Capsakid;;Grass;;9;0,3;3;;Scovillain;;
952;Halupenjo;Scovillain;;Grass;Fire;9;0,9;15;Capsakid;;useItem;Fire Stone
953;Relluk;Rellor;;Bug;;9;0,2;1;;Rabsca;;
954;Skarabaks;Rabsca;;Bug;Psychic;9;0,3;3,5;Rellor;;other;
955;Flattutu;Flittle;;Psychic;;9;0,2;1,5;;Espathra;;
956;Psiopatra;Espathra;;Psychic;;9;1,9;90;Flittle;;;
957;Forgita;Tinkatink;;Fairy;Steel;9;0,4;8,9;;Tinkatuff;;
958;Tafforgita;Tinkatuff;;Fairy;Steel;9;0,7;59,1;Tinkatink;Tinkaton;;
959;Granforgita;Tinkaton;;Fairy;Steel;9;0,7;112,8;Tinkatuff;;;
960;Schligda;Wiglett;;Water;;9;1,2;1,8;;Wugtrio;;
961;Schligdri;Wugtrio;;Water;;9;1,2;5,4;Wiglett;;;
962;Adebom;Bombirdier;;Flying;Dark;9;1,5;42,9;;;;
963;Normifin;Finizen;;Water;;9;1,3;60,2;;Palafin;;
964;Delfinator;Palafin;Zero Form;Water;;9;1,3;60,2;Finizen;;;
964;Delfinator;Palafin;Hero Form;Water;;9;1,3;60,2;Finizen;;;
965;Knattox;Varoom;;Steel;Poison;9;1;35;;Revavroom;;
966;Knattatox;Revavroom;;Steel;Poison;9;1,8;120;Varoom;;;
967;Mopex;Cyclizar;;Dragon;Normal;9;1,6;63;;;;
968;Schlurm;Orthworm;;Steel;;9;2,5;310;;;;
969;Lumispross;Glimmet;;Rock;Poison;9;0,7;8;;Glimmora;;
970;Lumiflora;Glimmora;;Rock;Poison;9;1,5;45;Glimmet;;;
971;Gruff;Greavard;;Ghost;;9;0,6;35;;Houndstone;;
972;Friedwuff;Houndstone;;Ghost;;9;2;15;Greavard;;;
973;Flaminkno;Flamigo;;Flying;Fighting;9;1,6;37;;;;
974;Flaniwal;Cetoddle;;Ice;;9;1,2;45;;Cetitan;;
975;Kolowal;Cetitan;;Ice;;9;4,5;700;Cetoddle;;useItem;Ice Stone
976;Agiluza;Veluza;;Water;Psychic;9;2,5;90;;;;
977;Heerashai;Dondozo;;Water;;9;12;220;;;;
978;Nigiragi;Tatsugiri;Curly Form;Dragon;Water;9;0,3;8;;;;
978;Nigiragi;Tatsugiri;Droopy Form;Dragon;Water;9;0,3;8;;;;
978;Nigiragi;Tatsugiri;Stretchy Form;Dragon;Water;9;0,3;8;;;;
979;Epitaff;Annihilape;;Fighting;Ghost;9;1,2;56;Primeape;;other;
980;Suelord;Clodsire;;Poison;Ground;9;1,8;223;Wooper-Paldea;;;
981;Farigiraf;Farigiraf;;Normal;Psychic;9;3,2;160;Girafarig;;levelMove;
982;Dummimisel;Dudunsparce;Two-Segment Form;Normal;;9;3,6;39,2;Dunsparce;;levelMove;
982;Dummimisel;Dudunsparce;Three-Segment Form;Normal;;9;3,6;39,2;Dunsparce;;levelMove;
983;Gladimperio;Kingambit;;Dark;Steel;9;2;120;Bisharp;;other;
984;Riesenzahn;Great Tusk;;Ground;Fighting;9;2,2;320;;;;
985;Brüllschweif;Scream Tail;;Fairy;Psychic;9;1,2;8;;;;
986;Wutpilz;Brute Bonnet;;Grass;Dark;9;1,2;21;;;;
987;Flatterhaar;Flutter Mane;;Ghost;Fairy;9;1,4;4;;;;
988;Kriechflügel;Slither Wing;;Bug;Fighting;9;3,2;92;;;;
989;Sandfell;Sandy Shocks;;Electric;Ground;9;2,3;60;;;;
990;Eisenrad;Iron Treads;;Ground;Steel;9;0,9;240;;;;
991;Eisenbündel;Iron Bundle;;Ice;Water;9;0,6;11;;;;
992;Eisenhand;Iron Hands;;Fighting;Electric;9;1,8;380,7;;;;
993;Eisenhals;Iron Jugulis;;Dark;Flying;9;1,3;111;;;;
994;Eisenfalter;Iron Moth;;Fire;Poison;9;1,2;36;;;;
995;Eisendorn;Iron Thorns;;Rock;Electric;9;1,6;303;;;;
996;Frospino;Frigibax;;Dragon;Ice;9;0,5;17;;Arctibax;;
997;Cryospino;Arctibax;;Dragon;Ice;9;0,8;30;Frigibax;Baxcalibur;;
998;Espinodon;Baxcalibur;;Dragon;Ice;9;2,1;210;Arctibax;;;
999;Gierspenst;Gimmighoul;Chest Form;Ghost;;9;0,3;5;;Gholdengo;;
999;Gierspenst;Gimmighoul;Roaming Form;Ghost;;9;0,3;5;;Gholdengo;;
1000;Monetigo;Gholdengo;;Steel;Ghost;9;1,2;30;Gimmighoul;;other;
1001;Chongjian;Wo-Chien;;Dark;Grass;9;1,5;74,2;;;;
1002;Baojian;Chien-Pao;;Dark;Ice;9;1,9;152,2;;;;
1003;Dinglu;Ting-Lu;;Dark;Ground;9;2,7;699,7;;;;
1004;Yuyu;Chi-Yu;;Dark;Fire;9;0,4;4,9;;;;
1005;Donnersichel;Roaring Moon;;Dragon;Dark;9;2;380;;;;
1006;Eisenkrieger;Iron Valiant;;Fairy;Fighting;9;1,4;35;;;;
1007;Koraidon;Koraidon;;Fighting;Dragon;9;2,5;303;;;;
1008;Miraidon;Miraidon;;Electric;Dragon;9;3,5;240;;;;
1009;Windewoge;Walking Wake;;Water;Dragon;9;3,5;280;;;;
1010;Eisenblatt;Iron Leaves;;Grass;Psychic;9;1,5;125;;;;
1011;Sirapfel;Dipplin;;Grass;Dragon;9;0,4;4,4;Applin;Hydrapple;useItem;Syrupy Apple
1012;Mortcha;Poltchageist;;Grass;Ghost;9;0,1;1,1;;Sinistcha;;
1013;Fatalitcha;Sinistcha;;Grass;Ghost;9;0,2;2,2;Poltchageist;;useItem;Unremarkable Teacup
1014;Boninu;Okidogi;;Poison;Fighting;9;1,8;92;;;;
1015;Benesaru;Munkidori;;Poison;Psychic;9;1;12,2;;;;
1016;Beatori;Fezandipiti;;Poison;Fairy;9;1,4;30,1;;;;
1017;Ogerpon;Ogerpon;Teal Mask;Grass;;9;1,2;39,8;;;;
1017;Ogerpon;Ogerpon;Wellspring Mask;Grass;Water;9;1,2;39,8;;;;
1017;Ogerpon;Ogerpon;Hearthflame Mask;Grass;Fire;9;1,2;39,8;;;;
1017;Ogerpon;Ogerpon;Cornerstone Mask;Grass;Rock;9;1,2;39,8;;;;
1018;Briduradon;Archaludon;;Steel;Dragon;9;2;60;Duraludon;;useItem;Metal Alloy
1019;Hydrapfel;Hydrapple;;Grass;Dragon;9;1,8;93;Dipplin;;levelMove;
1020;Keilflamme;Gouging Fire;;Fire;Dragon;9;3,5;590;;;;
1021;Furienblitz;Raging Bolt;;Electric;Dragon;9;5,2;480;;;;
1022;Eisenfels;Iron Boulder;;Rock;Psychic;9;1,5;162,5;;;;
1023;Eisenhaupt;Iron Crown;;Steel;Psychic;9;1,6;156;;;;
1024;Terapagos;Terapagos;Normal Form;Normal;;9;0,2;6,5;;;;
1024;Terapagos;Terapagos;Terastal Form;Normal;;9;0,2;6,5;;;;
1024;Terapagos;Terapagos;Stellar Form;Normal;;9;0,2;6,5;;;;
1025;Infamomo;Pecharunt;;Poison;Ghost;9;0,3;0,3;;;;
